ftitre;fannee;anom;freq
LE HAVRE;2011;AKI KAURISMAKI;1073623
LA PLANQUE;2011;AKIM ISKER;91526
BONOBOS;2011;ALAIN TIXIER;167632
BALADA TRISTE;2011;ALEX DE LA IGLESIA;84569
UNE PURE AFFAIRE;2011;ALEXANDRE COFFRE;263383
SANCTUM 3D;2011;ALISTER GRIERSON;436321
ANGELE ET TONY;2011;ALIX DELAPORTE;374381
KILLING FIELDS;2011;AMI CANAAN MANN;121442
IMPARDONNABLES;2011;ANDRE TECHINE;357694
TIME OUT;2011;ANDREW NICCOL;2073383
MON PIRE CAUCHEMAR;2011;ANNE FONTAINE;1434887
QUI A ENVIE D'ETRE AIME ?;2011;ANNE GIAFFERI;225185
THE PRODIGIES;2011;ANTOINE CHARREYRON;204070
LE CHAT DU RABBIN;2011;ANTOINE DELESVAUX;870537
LA LOCATAIRE;2011;ANTTI JOKINEN;86071
UNE SEPARATION;2011;ASGHAR FARHADI;1844806
TOI, MOI, LES AUTRES;2011;AUDREY ESTROUGO;294251
MISSION : NOEL LES AVENTURES DE LA FAMILLE NOEL;2011;BARRY COOK;1517954
LES BOLOSS;2011;BEN PALMER;173918
LE STRATEGE;2011;BENNETT MILLER;194675
UNE FOLLE ENVIE;2011;BERNARD JEANJEAN;136130
L'APOLLONIDE SOUVENIRS DE LA MAISON CLOSE;2011;BERTRAND BONELLO;383223
TWILIGHT - CHAPITRE 4 : REVELATION PREMIERE PARTIE;2011;BILL CONDON;6321390
DANCE BATTLE - HONEY 2;2011;BILLE WOODRUFF;555909
B.A.T (BON A TIRER);2011;BOBBY FARRELLY;662976
LES GEANTS;2011;BOULI LANNERS;70584
MISSION : IMPOSSIBLE PROTOCOLE FANTOME;2011;BRAD BIRD;4201680
LA DEFENSE LINCOLN;2011;BRAD FURMAN;465046
CARS 2;2011;BRAD LEWIS;4364604
LE CASSE DE CENTRAL PARK;2011;BRETT RATNER;324986
RHUM EXPRESS;2011;BRUCE ROBINSON;70998
JE N'AI RIEN OUBLIE;2011;BRUNO CHICHE;375533
LA FEE;2011;BRUNO ROMY;160291
RIO;2011;CARLOS SALDANHA;4039668
LE CHAPERON ROUGE;2011;CATHERINE HARDWICKE;614942
MA PART DU GATEAU;2011;CEDRIC KLAPISCH;1783264
TOMBOY;2011;CELINE SCIAMMA;551229
L'INCROYABLE HISTOIRE DE WINTER LE DAUPHIN;2011;CHARLES MARTIN SMITH;320904
AU BISTRO DU COIN;2011;CHARLES NEMES;35831
LE CHAT POTTE;2011;CHRIS MILLER;6332393
ON NE CHOISIT PAS SA FAMILLE;2011;CHRISTIAN CLAVIER;638672
TOUS AU LARZAC;2011;CHRISTIAN ROUAUD;316126
LA NOUVELLE GUERRE DES BOUTONS;2011;CHRISTOPHE BARRATIER;2917747
LES BIEN-AIMES;2011;CHRISTOPHE HONORE;495421
VOYEZ COMME ILS DANSENT;2011;CLAUDE MILLER;90582
LA CLE DES CHAMPS;2011;CLAUDE NURIDSANY;140097
AU-DELA;2011;CLINT EASTWOOD;3228086
FRIGHT NIGHT;2011;CRAIG GILLESPIE;355128
NUMERO QUATRE;2011;D.J. CARUSO;1232505
LA FILLE DU PUISATIER;2011;DANIEL AUTEUIL;2489331
HARRY BROWN;2011;DANIEL BARBER;98723
SORTILEGE;2011;DANIEL BARNZ;271075
EASY MONEY;2011;DANIEL ESPINOSA;82046
LA NOSTRA VITA;2011;DANIELE LUCHETTI;100644
127 HEURES;2011;DANNY BOYLE;609908
RIEN A DECLARER;2011;DANY BOON;14121895
BLACK SWAN;2011;DARREN ARONOFSKY;4524762
A DANGEROUS METHOD;2011;DAVID CRONENBERG;917522
ECHANGE STANDARD;2011;DAVID DOBKIN;256350
LA DELICATESSE;2011;DAVID FOENKINOS;1483453
FIGHTER;2011;DAVID O. RUSSELL;369241
SHARK 3D;2011;DAVID R. ELLIS;365079
HARRY POTTER ET LES RELIQUES DE LA MORT PARTIE 2;2011;DAVID YATES;9735423
AFRICA UNITED;2011;DEBS GARDNER-PATERSON;88069
17 FILLES;2011;DELPHINE COULIN;139790
LA PERMISSION DE MINUIT;2011;DELPHINE GLEIZE;264534
LES MYTHOS;2011;DENIS THYBAUD;147452
INCENDIES;2011;DENIS VILLENEUVE;619784
LE MYTHO;2011;DENNIS DUGAN;435454
NOUS SOMMES LA NUIT;2011;DENNIS GANSEL;113484
BLUE VALENTINE;2011;DEREK CIANFRANCE;225746
FESTIVAL CINEMA TELERAMA (2011);2011;DIVERS;565992
BEUR SUR LA VILLE;2011;DJAMEL BENSALAH;774395
VERY COLD TRIP;2011;DOME KARUKOSKI;108577
LE DERNIER DES TEMPLIERS;2011;DOMINIC SENA;1645189
LE MOINE;2011;DOMINIK MOLL;317020
LA FEE;2011;DOMINIQUE ABEL (I);160291
LE MARQUIS;2011;DOMINIQUE FARRUGIA;920838
WINNIE L'OURSON : BIENVENUE DANS LA FORET DES REVES BLEUS;2011;DON HALL;428542
MAIS COMMENT FONT LES FEMMES ?;2011;DOUGLAS MCGRATH;435602
SOURCE CODE;2011;DUNCAN JONES;1313214
LOVE & AUTRES DROGUES;2011;EDWARD ZWICK;1164857
BLITZ;2011;ELLIOTT LESTER;473206
L'ART D'AIMER;2011;EMMANUEL MOURET;376651
UN MONSTRE A PARIS;2011;ERIC BIBO BERGERON;1910264
YOGI L'OURS;2011;ERIC BREVIG;514700
BIENVENUE A BORD;2011;ERIC LAVAINE;2635660
INTOUCHABLES;2011;ERIC TOLEDANO;35648468
LA PROIE;2011;ERIC VALETTE;629247
L'OURS MONTAGNE;2011;ESBEN TOFT JACOBSEN;203001
TRUE GRIT;2011;ETHAN COEN;2406228
CASE DEPART;2011;FABRICE EBOUE;3345040
CHICO & RITA;2011;FERNANDO TRUEBA;202865
LA FEE;2011;FIONA GORDON;160291
JOHN RABE LE JUSTE DE NANKIN;2011;FLORIAN GALLENBERGER;26564
DE L'EAU POUR LES ELEPHANTS;2011;FRANCIS LAWRENCE;1190622
EMILIE JOLIE;2011;FRANCIS NIELSEN;434770
R.I.F.;2011;FRANCK MANCUSO;375528
ZOOKEEPER LE HEROS DES ANIMAUX;2011;FRANK CORACI;251245
DE FORCE;2011;FRANK HENRY;31364
HOLLYWOO;2011;FREDERIC BERTHE;4215473
NUIT BLANCHE (2011);2011;FREDERIC JARDIN;102050
J'AIME REGARDER LES FILLES;2011;FREDERIC LOUF;86345
SWITCH;2011;FREDERIC SCHOENDOERFFER;507841
ENCORE UN BAISER;2011;GABRIELE MUCCINO;52367
HAPPY NEW YEAR (2011);2011;GARRY MARSHALL;1003613
KILLER ELITE;2011;GARY MCKENDRY;463705
WARRIOR;2011;GAVIN O'CONNOR;334270
LES MARCHES DU POUVOIR;2011;GEORGE CLOONEY;984763
HAPPY FEET 2;2011;GEORGE MILLER;1093640
L'AGENCE;2011;GEORGE NOLFI;1146902
FASTER;2011;GEORGE TILLMAN JR;80419
POUPOUPIDOU;2011;GERALD HUSTACHE-MATHIEU;318876
GIANNI ET LES FEMMES;2011;GIANNI DI GREGORIO;187857
TU SERAS MON FILS;2011;GILLES LEGRAND;1314406
L'AMOUR A SES RAISONS...;2011;GIOVANNI VERONESI;35119
CRAZY, STUPID, LOVE;2011;GLENN FICARRA;984592
APOLLO 18;2011;GONZALO LOPEZ-GALLEGO;112204
RANGO;2011;GORE VERBINSKI;2023792
PAUL;2011;GREG MOTTOLA;1312906
RESTLESS;2011;GUS VAN SANT;163622
THE SILENT HOUSE;2011;GUSTAVO HERNANDEZ;79478
LE MARCHAND DE SABLE;2011;HELMUT FISCHER;124654
ARRIETTY LE PETIT MONDE DES CHAPARDEURS;2011;HIROMASA YONEBAYASHI;1815603
ANIMAUX & CIE EN 3D;2011;HOLGER TAPPE;1803451
MEME LA PLUIE;2011;ICIAR BOLLAIN;553753
WINX CLUB L'AVENTURE MAGIQUE 3D;2011;IGINIO STRAFFI;135276
LES HOMMES LIBRES;2011;ISMAEL FERROUKHI;303308
SEX FRIENDS;2011;IVAN REITMAN;1729373
BAD TEACHER;2011;JAKE KASDAN;1715068
LE GRUFFALO;2011;JAKOB SCHUH;148958
DES VENTS CONTRAIRES;2011;JALIL LESPERT;624769
COMMENT SAVOIR;2011;JAMES L. BROOKS;184300
INSIDIOUS;2011;JAMES WAN;889726
MALVEILLANCE;2011;JAUME BALAGUERO;199591
SANS IDENTITE;2011;JAUME COLLET-SERRA;1796247
CHICO & RITA;2011;JAVIER MARISCAL;202865
LE TABLEAU;2011;JEAN-FRANCOIS LAGUIONIE;644602
OR NOIR;2011;JEAN-JACQUES ANNAUD;400163
ITINERAIRE BIS;2011;JEAN-LUC PERREARD;315363
DE BON MATIN;2011;JEAN-MARC MOUTOUT;277900
LE GAMIN AU VELO;2011;JEAN-PIERRE DARDENNE;1327935
SUPER 8;2011;JEFFREY ABRAMS;2676214
ET SOUDAIN, TOUT LE MONDE ME MANQUE;2011;JENNIFER DEVOLDERE;434963
KUNG FU PANDA 2;2011;JENNIFER YUH;4449618
REQUIEM POUR UNE TUEUSE;2011;JEROME LE GRIS;172558
LARGO WINCH II;2011;JEROME SALLE;2432545
LE MARCHAND DE SABLE;2011;JESPER MOLLER;124654
DREAM HOUSE;2011;JIM SHERIDAN;454759
LE CHAT DU RABBIN;2011;JOANN SFAR;870537
LE COMPLEXE DU CASTOR;2011;JODIE FOSTER;335017
ATTACK THE BLOCK;2011;JOE CORNISH;38710
CAPTAIN AMERICA - FIRST AVENGER;2011;JOE JOHNSTON;1705188
HANNA;2011;JOE WRIGHT;159189
TRUE GRIT;2011;JOEL COEN;2406228
RABBIT HOLE;2011;JOHN CAMERON MITCHELL;111545
STONE;2011;JOHN CURRAN;187642
CADAVRES A LA PELLE;2011;JOHN LANDIS;26896
CARS 2;2011;JOHN LASSETER;4364604
L'AFFAIRE RACHEL SINGER;2011;JOHN MADDEN;296546
L'IRLANDAIS;2011;JOHN MICHAEL MCDONAGH;233717
CRAZY, STUPID, LOVE;2011;JOHN REQUA;984592
IDENTITE SECRETE;2011;JOHN SINGLETON;1227348
THE COMPANY MEN;2011;JOHN WELLS;269632
BIG MAMMA DE PERE EN FILS;2011;JOHN WHITESELL;657480
COWBOYS & ENVAHISSEURS;2011;JON FAVREAU;1554096
JUSTIN BIEBER NEVER SAY NEVER;2011;JON M. CHU;85583
LE SANG DES TEMPLIERS;2011;JONATHAN ENGLISH;208058
50/50;2011;JONATHAN LEVINE;35686
WORLD INVASION : BATTLE LOS ANGELES;2011;JONATHAN LIEBESMAN;803642
COUP D'ECLAT;2011;JOSE ALCALA;235193
TRON L'HERITAGE;2011;JOSEPH KOSINSKI;1997183
LE SKYLAB;2011;JULIE DELPY;447237
TROIS FOIS 20 ANS;2011;JULIE GAVRAS;159077
DERRIERE LES MURS;2011;JULIEN LACOMBE;27761
L'ASSAUT;2011;JULIEN LECLERCQ;912846
FAST & FURIOUS 5;2011;JUSTIN LIN;4509230
MONSIEUR PAPA;2011;KAD MERAD;822714
UN BAISER PAPILLON;2011;KARINE SILLA;101889
POURQUOI TU PLEURES ?;2011;KATIA LEWKOWICZ;305279
GNOMEO ET JULIETTE;2011;KELLY ASBURY;1165067
ROUTE IRISH;2011;KEN LOACH;119661
THOR;2011;KENNETH BRANAGH;2244219
L'AIGLE DE LA NEUVIEME LEGION;2011;KEVIN MACDONALD;393451
MELANCHOLIA;2011;LARS VON TRIER;768932
GIGOLA;2011;LAURE CHARPENTIER;16894
CASE DEPART;2011;LIONEL STEKETEE;3345040
UN JOUR;2011;LONE SCHERFIG;487200
POLLEN;2011;LOUIS SCHWARTZBERG;228559
THE LADY;2011;LUC BESSON;962108
LE GAMIN AU VELO;2011;LUC DARDENNE;1327935
WE NEED TO TALK ABOUT KEVIN;2011;LYNNE RAMSAY;202069
POLISSE;2011;MAIWENN LE BESCO;4378306
CHEBURASHKA ET SES AMIS;2011;MAKOTO NAKAMURA;106027
CONAN;2011;MARCUS NISPEL;429106
LA CLE DES CHAMPS;2011;MARIE PERENNOU;140097
POULET AUX PRUNES;2011;MARJANE SATRAPI;453951
NEVER LET ME GO;2011;MARK ROMANEK;152115
M. POPPER ET SES PINGOUINS;2011;MARK WATERS;1449857
GREEN LANTERN;2011;MARTIN CAMPBELL;1441810
OU VA LA NUIT;2011;MARTIN PROVOST;210664
HUGO CABRET;2011;MARTIN SCORSESE;2364617
LAST NIGHT;2011;MASSY TADJEDIN;538401
BLACKTHORN;2011;MATEO GIL;92202
AMERICANO;2011;MATHIEU DEMY;48813
L'ORDRE ET LA MORALE;2011;MATHIEU KASSOVITZ;288925
X-MEN : LE COMMENCEMENT;2011;MATTHEW VAUGHN;3745929
THE THING;2011;MATTHIJS VAN HEIJNINGEN JR;188728
LOW COST;2011;MAURICE BARTHELEMY;441985
LE GRUFFALO;2011;MAX LANG;148958
LES ADOPTES;2011;MELANIE LAURENT;318257
UN AMOUR DE JEUNESSE;2011;MIA HANSEN-LOVE;237168
TRANSFORMERS 3 : LA FACE CACHEE DE LA LUNE;2011;MICHAEL BAY;4514334
THE GREEN HORNET;2011;MICHEL GONDRY;1175950
THE ARTIST;2011;MICHEL HAZANAVICIUS;5872603
LES CONTES DE LA NUIT;2011;MICHEL OCELOT;886922
L'ANGE DU MAL;2011;MICHELE PLACIDO;101276
LE RITE;2011;MIKAEL HAFSTROM;1497301
BEGINNERS;2011;MIKE MILLS;373076
ALVIN ET LES CHIPMUNKS 3;2011;MIKE MITCHELL;4261503
17 FILLES;2011;MURIEL COULIN;139790
ET MAINTENANT ON VA OU ?;2011;NADINE LABAKI;758443
HABEMUS PAPAM;2011;NANNI MORETTI;1246638
LIMITLESS;2011;NEIL BURGER;1526521
KILLING BONO;2011;NICK HAMM;115471
DE L'HUILE SUR LE FEU;2011;NICOLAS BENAMOU;41285
LA CHANCE DE MA VIE;2011;NICOLAS CUCHE;1747572
DRIVE;2011;NICOLAS WINDING REFN;3045351
WE WANT SEX EQUALITY;2011;NIGEL COLE;386351
JOHNNY ENGLISH, LE RETOUR;2011;OLIVER PARKER;594357
LES TUCHE;2011;OLIVIER BAROUX;2781848
NICOSTRATOS LE PELICAN;2011;OLIVIER HORLAIT;160620
LES LYONNAIS;2011;OLIVIER MARCHAL;2224061
COLOMBIANA;2011;OLIVIER MEGATON;1119464
INTOUCHABLES;2011;OLIVIER NAKACHE;35648468
CARANCHO;2011;PABLO TRAPERO;154014
THIS MUST BE THE PLACE;2011;PAOLO SORRENTINO;283133
NI A VENDRE NI A LOUER;2011;PASCAL RABATE;172199
HOLLYWOO;2011;PASCAL SERIEIS;4215473
DERRIERE LES MURS;2011;PASCAL SID;27761
LA CROISIERE;2011;PASCALE POUZADOUX;1212424
VOIR LA MER;2011;PATRICE LECONTE;62586
HELL DRIVER;2011;PATRICK LUSSIER;429641
LES TROIS MOUSQUETAIRES;2011;PAUL ANDERSON;798952
MES MEILLEURES AMIES;2011;PAUL FEIG;1009180
LA PIEL QUE HABITO;2011;PEDRO ALMODOVAR;1346959
B.A.T (BON A TIRER);2011;PETER FARRELLY;662976
LES CHEMINS DE LA LIBERTE;2011;PETER WEIR;1462668
EMILIE JOLIE;2011;PHILIPPE CHATEL;434770
TOUS LES SOLEILS;2011;PHILIPPE CLAUDEL;1024109
L'ELEVE DUCOBU;2011;PHILIPPE DE CHAUVERON;2678321
LE FILS A JO;2011;PHILIPPE GUILLARD;2086235
LES FEMMES DU 6E ETAGE;2011;PHILIPPE LE GUAY;3972340
TOUTES NOS ENVIES;2011;PHILIPPE LIORET;614927
LEGITIME DEFENSE;2011;PIERRE LACAN;66330
LES TRIBULATIONS D'UNE CAISSIERE;2011;PIERRE RAMBALDI;163241
L'EXERCICE DE L'ETAT;2011;PIERRE SCHOELLER;992652
HALAL, POLICE D'ETAT;2011;RACHID DIBOU;1423570
LA SOURCE DES FEMMES;2011;RADU MIHAILEANU;1150071
LES SCHTROUMPFS;2011;RAJA GOSNELL;4916385
AVANT L'AUBE (2011);2011;RAPHAEL JACOULOT;240351
LA LIGNE DROITE;2011;REGIS WARGNIER;217734
ANIMAUX & CIE EN 3D;2011;REINHARD KLOOSS;1803451
UN HEUREUX EVENEMENT;2011;REMI BEZANCON;850010
LE MONDE DE BARNEY;2011;RICHARD J. LEWIS;31943
LES VOYAGES DE GULLIVER;2011;ROB LETTERMAN;1056864
PIRATES DES CARAIBES LA FONTAINE DE JOUVENCE;2011;ROB MARSHALL;8261477
LES NEIGES DU KILIMANDJARO;2011;ROBERT GUEDIGUIAN;1308719
MORNING GLORY;2011;ROGER MICHELL;358238
CARNAGE;2011;ROMAN POLANSKI;852800
OMAR M'A TUER;2011;ROSCHDY ZEM;1035278
LA PLANETE DES SINGES LES ORIGINES;2011;RUPERT WYATT;5813303
CHEZ GINO;2011;SAMUEL BENCHETRIT;183011
MON PERE EST FEMME DE MENAGE;2011;SAPHIA AZZEDDINE;532378
MISSION : NOEL LES AVENTURES DE LA FAMILLE NOEL;2011;SARAH SMITH;1517954
LA SOLITUDE DES NOMBRES PREMIERS;2011;SAVERIO COSTANZO;83216
PRIEST;2011;SCOTT CHARLES STEWART;370910
COMMENT TUER SON BOSS ?;2011;SETH GORDON;1477910
REAL STEEL;2011;SHAWN LEVY;1921163
LE FLINGUEUR;2011;SIMON WEST;451607
LE MARCHAND DE SABLE;2011;SINEM SAKAOGLU;124654
SOMEWHERE;2011;SOFIA COPPOLA;810378
LA DELICATESSE;2011;STEPHANE FOENKINOS;1483453
MOI, MICHEL G, MILLIARDAIRE, MAITRE DU MONDE;2011;STEPHANE KAZANDJIAN;172238
FORCES SPECIALES;2011;STEPHANE RYBOJAD;366347
WINNIE L'OURSON : BIENVENUE DANS LA FORET DES REVES BLEUS;2011;STEPHEN J. ANDERSON;428542
SHAME;2011;STEVE MCQUEEN.;855860
DESTINATION FINALE 5;2011;STEVEN QUALE;1736895
CONTAGION;2011;STEVEN SODERBERGH;1193697
LES AVENTURES DE TINTIN : LE SECRET DE LA LICORNE;2011;STEVEN SPIELBERG;7831677
LE COCHON DE GAZA;2011;SYLVAIN ESTIBAL;557877
PHILIBERT;2011;SYLVAIN FUSEE;105347
OH MY GOD !;2011;TANYA WEXLER;128401
LES IMMORTELS;2011;TARSEM SINGH;649802
LA COULEUR DES SENTIMENTS (THE HELP);2011;TATE TAYLOR;1187863
THE TREE OF LIFE;2011;TERRENCE MALICK;1215594
LES YEUX DE SA MERE;2011;THIERRY KLIFA;260434
CASE DEPART;2011;THOMAS NGIJOL;3345040
HOP;2011;TIM HILL;995804
PARANORMAL ACTIVITY 3;2011;TOD WILLIAMS;1506243
VERY BAD TRIP 2;2011;TODD PHILLIPS;4364102
IL N'EST JAMAIS TROP TARD;2011;TOM HANKS;975251
LE DISCOURS D'UN ROI;2011;TOM HOOPER;5743301
LA BALLADE DE L'IMPOSSIBLE;2011;TRAN ANH HUNG;109217
DETECTIVE DEE LE MYSTERE DE LA FLAMME FANTOME;2011;TSUI HARK;436262
LA GUERRE EST DECLAREE;2011;VALERIE DONZELLI;1708143
PRESUME COUPABLE;2011;VINCENT GARENQ;704638
POULET AUX PRUNES;2011;VINCENT PARONNAUD;453951
SCREAM 4;2011;WES CRAVEN;1862278
SEXE ENTRE AMIS;2011;WILL GLUCK;1046986
LONDON BOULEVARD;2011;WILLIAM MONAHAN;228586
PINA (3D);2011;WIM WENDERS;664419
MINUIT A PARIS;2011;WOODY ALLEN;3156501
LA CONQUETE;2011;XAVIER DURRINGER;1329268
LA GUERRE DES BOUTONS;2011;YANN SAMUELL;2808234
SUCKER PUNCH;2011;ZACK SNYDER;903894
TITEUF, LE FILM;2011;ZEP;2220116
ROCK FOREVER;2012;ADAM SHANKMAN;129001
VOISINS DU TROISIEME TYPE;2012;AKIVA SCHAFFER;443460
SUR LA PISTE DU MARSUPILAMI;2012;ALAIN CHABAT;9698128
VOUS N'AVEZ ENCORE RIEN VU;2012;ALAIN RESNAIS;321172
FELINS;2012;ALASTAIR FOTHERGILL;1271385
THE DESCENDANTS;2012;ALEXANDER PAYNE;1349305
MAMAN;2012;ALEXANDRA LECLERE;533947
CE QUE LE JOUR DOIT A LA NUIT;2012;ALEXANDRE ARCADY;592619
DAVID ET MADAME HANSEN;2012;ALEXANDRE ASTIER;198755
LES INFIDELES;2012;ALEXANDRE COURTES;4408342
LE PRENOM;2012;ALEXANDRE DE LA PATELLIERE;6306866
AUGUSTINE;2012;ALICE WINOCOUR;338376
ELENA;2012;ANDREI ZVYAGINTSEV;292063
COGAN;2012;ANDREW DOMINIK;455688
JOHN CARTER;2012;ANDREW STANTON;1772683
L'ODYSSEE DE PI;2012;ANG LEE;1600573
AU PAYS DU SANG ET DU MIEL;2012;ANGELINA JOLIE;80849
MA BONNE ETOILE;2012;ANNE FASSIO;233895
CORNOUAILLE;2012;ANNE LE NY;538029
PARANORMAL ACTIVITY 4;2012;ARIEL SCHULMAN;1809202
DEPRESSION & DES POTES;2012;ARNAUD LEMORT;581778
LA CLINIQUE DE L'AMOUR;2012;ARTUS DE PENGUERN;121721
DOS AU MUR;2012;ASGER LETH;417514
CONTREBANDE;2012;BALTASAR KORMAKUR;251023
MEN IN BLACK 3;2012;BARRY SONNENFELD;3780932
ARGO;2012;BEN AFFLECK;2718763
SAMMY 2;2012;BEN STASSEN;1395000
LES BETES DU SUD SAUVAGE;2012;BENH ZEITLIN;594319
7 JOURS A LA HAVANE;2012;BENICIO DEL TORO;73797
ERNEST ET CELESTINE;2012;BENJAMIN RENNER;1850332
LE GRAND SOIR;2012;BENOIT DELEPINE;875770
LES ADIEUX A LA REINE;2012;BENOIT JACQUOT;1107416
TWILIGHT - CHAPITRE 5 : REVELATION DEUXIEME PARTIE;2012;BILL CONDON;8108149
UNDERWORLD : NOUVELLE ERE;2012;BJORN STEIN;911585
SAFE;2012;BOAZ YAKIN;626204
VOYAGE AU CENTRE DE LA TERRE 2 : L'ILE MYSTERIEUSE;2012;BRAD PEYTON;2609837
CHRONIQUES DE TCHERNOBYL;2012;BRADLEY PARKER;329542
REBELLE;2012;BRENDA CHAPMAN;4742755
GHOST RIDER : L'ESPRIT DE VENGEANCE;2012;BRIAN TAYLOR;899591
CAPTIVE;2012;BRILLANTE MENDOZA;32991
ADIEU BERTHE - L'ENTERREMENT DE MEME -;2012;BRUNO PODALYDES;1426873
NOUVEAU DEPART;2012;CAMERON CROWE;878522
DU VENT DANS MES MOLLETS;2012;CARINE TARDIEU;1207813
JANE EYRE;2012;CARY FUKUNAGA;344216
TROIS MONDES;2012;CATHERINE CORSINI;120411
JE ME SUIS FAIT TOUT PETIT;2012;CECILIA ROUAUD;103121
AUX YEUX DE TOUS (2012);2012;CEDRIC JIMENEZ;105544
UNE VIE MEILLEURE;2012;CEDRIC KAHN;936385
MINCE ALORS !;2012;CHARLOTTE DE TURCKHEIM;2758872
L'ETRANGE POUVOIR DE NORMAN;2012;CHRIS BUTLER;561424
THE DARKEST HOUR EN 3D;2012;CHRIS GORAK;308733
21 JUMP STREET;2012;CHRIS MILLER;575023
LE LORAX;2012;CHRIS RENAUD;1161172
PLAN DE TABLE;2012;CHRISTELLE RAYNAL;504195
IL ETAIT UNE FOIS, UNE FOIS;2012;CHRISTIAN MERRET-PALMAIR;271184
BARBARA;2012;CHRISTIAN PETZOLD;589880
LES SAVEURS DU PALAIS;2012;CHRISTIAN VINCENT;2035980
DANS LA TOURMENTE;2012;CHRISTOPHE RUGGIA;157363
SEA NO SEX & SUN;2012;CHRISTOPHE TURPIN;137301
JACK REACHER;2012;CHRISTOPHER MCQUARRIE;2759188
THE DARK KNIGHT RISES;2012;CHRISTOPHER NOLAN;7682939
THERESE DESQUEYROUX;2012;CLAUDE MILLER;1002958
JOURNAL DE FRANCE;2012;CLAUDINE NOUGARET;121489
J. EDGAR;2012;CLINT EASTWOOD;2521320
ARRETE DE PLEURER PENELOPE;2012;CORINNE PUGET;269092
LE CAPITAL;2012;COSTA-GAVRAS;739871
AU-DELA DES COLLINES;2012;CRISTIAN MUNGIU;138324
CHASING MAVERICKS;2012;CURTIS HANSON;57351
LOUISE WIMMER;2012;CYRIL MENNEGUN;303807
STREET DANCE 2 3D;2012;DANIA PASQUINI;700216
COMME UN CHEF;2012;DANIEL COHEN;678488
SECURITE RAPPROCHEE;2012;DANIEL ESPINOSA;1267104
END OF WATCH;2012;DAVID AYER;215221
DE L'AUTRE COTE DU PERIPH;2012;DAVID CHARHON;4260716
COSMOPOLIS;2012;DAVID CRONENBERG;667585
MILLENIUM LES HOMMES QUI N'AIMAIENT PAS LES FEMMES;2012;DAVID FINCHER;1956421
TOUS LES ESPOIRS SONT PERMIS;2012;DAVID FRANKEL;480395
PREMIUM RUSH;2012;DAVID KOEPP;231225
HIT & RUN;2012;DAVID PALMER;175309
TRUST;2012;DAVID SCHWIMMER;170880
HIT & RUN;2012;DAX SHEPARD;175309
BEL AMI;2012;DECLAN DONNELLAN;178034
JACK ET JULIE;2012;DENNIS DUGAN;127399
FESTIVAL CINEMA TELERAMA (2012);2012;DIVERS;640749
LA CABANE DANS LES BOIS;2012;DREW GODDARD;524562
TUCKER & DALE FIGHTENT LE MAL;2012;ELI CRAIG;281839
7 JOURS A LA HAVANE;2012;ELIA SULEIMAN;73797
ALYAH;2012;ELIE WAJEMAN;76119
TERRAFERMA;2012;EMANUELE CRIALESE;190089
LES INFIDELES;2012;EMMANUELLE BERCOT;4408342
MES HEROS;2012;ERIC BESNARD;1261451
MADAGASCAR 3 BONS BAISERS D'EUROPE;2012;ERIC DARNELL;5602449
POSSESSIONS;2012;ERIC GUIRADO;215384
LES INFIDELES;2012;ERIC LARTIGAU;4408342
L'ONCLE CHARLES;2012;ETIENNE CHATILIEZ;649719
360;2012;FERNANDO MEIRELLES;115779
CLOCLO;2012;FLORENT EMILIO SIRI;3403727
TWIXT;2012;FRANCIS FORD COPPOLA;217602
LES KAIRA;2012;FRANCK GASTAMBIDE;1997478
DANS LA MAISON;2012;FRANCOIS OZON;2411360
LES INFIDELES;2012;FRED CAVAYE;4408342
L'AMOUR DURE TROIS ANS;2012;FREDERIC BEIGBEDER;1387547
STARS 80;2012;FREDERIC FORESTIER;3591934
A MOI SEULE;2012;FREDERIC VIDEAU;60423
THE RAID;2012;GARETH EVANS;370390
HUNGER GAMES;2012;GARY ROSS;3383335
7 JOURS A LA HAVANE;2012;GASPAR NOE;73797
HASTA LA VISTA;2012;GEOFFREY ENTHOVEN;237050
STAR WARS : EPISODE 1, LA MENACE FANTOME 3D;2012;GEORGE LUCAS;1181404
NOUS YORK;2012;GERALDINE NAKACHE;1209578
LES INFIDELES;2012;GILLES LELLOUCHE;4408342
LA COLLINE AUX COQUELICOTS;2012;GORO MIYAZAKI;900950
L'AIR DE RIEN;2012;GREGORY MAGNE;73342
LE GRAND SOIR;2012;GUSTAVE KERVERN;875770
SHERLOCK HOLMES JEU D'OMBRES;2012;GUY RITCHIE;4146351
AMERICAN PIE 4;2012;HAYDEN SCHLOSSBERG;3000643
DISPARUE;2012;HEITOR DHALIA;113224
PARANORMAL ACTIVITY 4;2012;HENRY JOOST;1809202
NOUS YORK;2012;HERVE MIMRAN;1209578
HERITAGE;2012;HIAM ABBASS;67858
IN ANOTHER COUNTRY;2012;HONG SANG-SOO;152963
COMME DES FRERES;2012;HUGO GELIN;653393
MARGIN CALL;2012;J.C. CHANDOR;695310
DE ROUILLE ET D'OS;2012;JACQUES AUDIARD;3807581
LA MER A BOIRE;2012;JACQUES MAILLOT;256889
ROBOT AND FRANK;2012;JAKE SCHREIER;54328
TITANIC 3D;2012;JAMES CAMERON;2207792
UN BONHEUR N'ARRIVE JAMAIS SEUL;2012;JAMES HUTH;3505932
LOCK OUT;2012;JAMES MATHER;931692
LA DAME EN NOIR;2012;JAMES WATKINS;953133
YOUNG ADULT;2012;JASON REITMAN;316653
MOI, DEPUTE;2012;JAY ROACH;172974
BIENVENUE PARMI NOUS;2012;JEAN BECKER;370625
LES INFIDELES;2012;JEAN DUJARDIN;4408342
LE JOUR DES CORNEILLES;2012;JEAN-CHRISTOPHE DESSAINT;747500
ZARAFA;2012;JEAN-CHRISTOPHE LIE;2772592
CAFE DE FLORE;2012;JEAN-MARC VALLEE;183369
QUAND JE SERAI PETIT;2012;JEAN-PAUL ROUVE;192718
L'HOMME QUI RIT;2012;JEAN-PIERRE AMERIS;489587
ICI-BAS;2012;JEAN-PIERRE DENIS;71497
TAKE SHELTER;2012;JEFF NICHOLS;438145
FRIENDS ...WITH KIDS;2012;JENNIFER WESTFELDT;158090
LA TRAVERSEE (2012);2012;JEROME CORNUAU;126019
A PERDRE LA RAISON;2012;JOACHIM LAFOSSE;313805
LE TERRITOIRE DES LOUPS;2012;JOE CARNAHAN;656050
ANNA KARENINE;2012;JOE WRIGHT;580422
EFFRACTION;2012;JOEL SCHUMACHER;386999
LE PETIT GRUFFALO;2012;JOHANNES WEILAND;318363
DES HOMMES SANS LOI;2012;JOHN HILLCOAT;836663
INDIAN PALACE;2012;JOHN MADDEN;633727
AMERICAN PIE 4;2012;JON HURWITZ;3000643
LA COLERE DES TITANS;2012;JONATHAN LIEBESMAN;1482420
JC COMME JESUS CHRIST;2012;JONATHAN ZACCAI;28292
NIKO LE PETIT RENNE 2;2012;JORGEN LERDAM;1620918
CHRONICLE;2012;JOSH TRANK;2023488
AVENGERS;2012;JOSS WHEDON;7302176
THE IMPOSSIBLE;2012;JUAN ANTONIO BAYONA;1057416
7 JOURS A LA HAVANE;2012;JUAN CARLOS TABIO;73797
RECHERCHE BAD BOYS DESESPEREMENT;2012;JULIE ANNE ROBINSON;348660
2 DAYS IN NEW YORK;2012;JULIE DELPY;843802
ARRETE DE PLEURER PENELOPE;2012;JULIETTE ARNAUD;269092
7 JOURS A LA HAVANE;2012;JULIO MEDEM;73797
MAIS QUI A RE-TUE PAMELA ROSE ?;2012;KAD MERAD;539382
NIKO LE PETIT RENNE 2;2012;KARI JUUSONEN;1620918
FELINS;2012;KEITH SCHOLEY;1271385
LA PART DES ANGES;2012;KEN LOACH;1562076
STARBUCK;2012;KEN SCOTT;913476
CE QUI VOUS ATTEND SI VOUS ATTENDEZ UN ENFANT;2012;KIRK JONES;675527
LE LORAX;2012;KYLE BALDA;1161172
THE DICTATOR;2012;LARRY CHARLES;1654783
DES SAUMONS DANS LE DESERT;2012;LASSE HALLSTROM;105510
LA CERISE SUR LE GATEAU;2012;LAURA MORANTE;83030
7 JOURS A LA HAVANE;2012;LAURENT CANTET;73797
ASTERIX & OBELIX AU SERVICE DE SA MAJESTE;2012;LAURENT TIRARD;6713459
PAPERBOY;2012;LEE DANIELS;315719
TOTAL RECALL MEMOIRES PROGRAMMEES;2012;LEN WISEMAN;2496628
HOLY MOTORS;2012;LEOS CARAX;352350
BACHELORETTE;2012;LESLYE HEADLAND;356218
LOL USA;2012;LISA AZUELOS;141957
JUSQU'A CE QUE LA FIN DU MONDE NOUS SEPARE;2012;LORENE SCAFARIA;253905
LE FILS DE L'AUTRE;2012;LORRAINE LEVY;479264
LES PAPAS DU DIMANCHE;2012;LOUIS BECKER;103129
AU GALOP;2012;LOUIS-DO DE LENCQUESAING;73649
38 TEMOINS;2012;LUCAS BELVAUX;512439
30° COULEUR;2012;LUCIEN JEAN-BAPTISTE;260795
SANS ISSUE;2012;MABROUK EL MECHRI;284687
W.E. WALLIS & EDOUARD;2012;MADONNA;44287
ELLES;2012;MALGORZATA SZUMOWSKA;194588
UNDERWORLD : NOUVELLE ERE;2012;MANS MARLIND;911585
PAULINE DETECTIVE;2012;MARC FITOUSSI;223366
THE AMAZING SPIDER-MAN;2012;MARC WEBB;3197576
BOWLING;2012;MARIE-CASTILLE MENTION-SCHAAR;966174
MA PREMIERE FOIS;2012;MARIE-CASTILLE MENTION-SCHAAR;366196
A COEUR OUVERT;2012;MARION LAINE;143304
REBELLE;2012;MARK ANDREWS;4742755
GHOST RIDER : L'ESPRIT DE VENGEANCE;2012;MARK NEVELDINE;899591
UN JOUR MON PERE VIENDRA;2012;MARTIN VALENTE;266195
LE CHIEN DU TIBET;2012;MASAYUKI KOJIMA;80259
REALITY;2012;MATTEO GARRONE;257917
TORPEDO;2012;MATTHIEU DONCK;34071
STREET DANCE 2 3D;2012;MAX GIWA;700216
TARGET;2012;MCG.;678295
AMOUR;2012;MICHAEL HANEKE;1448425
SILENT HILL : REVELATION 3D;2012;MICHAEL J. BASSETT;441414
JE TE PROMETS;2012;MICHAEL SUCSY;579786
L'AGE DE GLACE 4 LA DERIVE DES CONTINENTS;2012;MICHAEL THURMEIER;11927196
LA TERRE OUTRAGEE;2012;MICHALE BOGANIM;133194
THE WE AND THE I;2012;MICHEL GONDRY;196776
LES INFIDELES;2012;MICHEL HAZANAVICIUS;4408342
TELE GAUCHO;2012;MICHEL LECLERC;199993
HENAUT PRESIDENT;2012;MICHEL MULLER;9486
KIRIKOU ET LES HOMMES ET LES FEMMES;2012;MICHEL OCELOT;2081509
LE GUETTEUR;2012;MICHELE PLACIDO;466674
OPERACION E;2012;MIGUEL COURTOIS;18113
LES FEMMES DU BUS 678;2012;MOHAMED DIAB;482702
ARBITRAGE;2012;NICHOLAS JARECKI;250241
BEL AMI;2012;NICK ORMEROD;178034
10 JOURS EN OR;2012;NICOLAS BROSSETTE;190498
ROYAL AFFAIR;2012;NIKOLAJ ARCEL;523680
PROJET X;2012;NIMA NOURIZADEH;3647574
CAMILLE REDOUBLE;2012;NOEMIE LVOVSKY;1872217
POSSEDEE;2012;OLE BORNEDAL;729908
SAVAGES;2012;OLIVER STONE;981055
APRES MAI;2012;OLIVIER ASSAYAS;222287
MAIS QUI A RE-TUE PAMELA ROSE ?;2012;OLIVIER BAROUX;539382
LES SEIGNEURS;2012;OLIVIER DAHAN;5189928
TAKEN 2;2012;OLIVIER MEGATON;5803790
LES ACACIAS;2012;PABLO GIORGELLI;193244
7 JOURS A LA HAVANE;2012;PABLO TRAPERO;73797
REC 3 GENESIS;2012;PACO PLAZA;722247
CHERCHEZ HORTENSE;2012;PASCAL BONITZER;975442
UN PLAN PARFAIT;2012;PASCAL CHAUMEIL;2356136
CENDRILLON AU FAR WEST;2012;PASCAL HEROLD;42870
THE SECRET;2012;PASCAL LAUGIER;1109131
ASSOCIES CONTRE LE CRIME...;2012;PASCAL THOMAS;891674
LE MAGASIN DES SUICIDES;2012;PATRICE LECONTE;515193
SPORT DE FILLES;2012;PATRICIA MAZUY;157203
MAUVAISE FILLE;2012;PATRICK MILLE;120829
RESIDENT EVIL : RETRIBUTION;2012;PAUL ANDERSON;1016085
LES VIEUX CHATS;2012;PEDRO PEIRANO;171302
CLOCHETTE ET LE SECRET DES FEES;2012;PEGGY HOLMES;3063942
BATTLESHIP;2012;PETER BERG;1848973
LE HOBBIT : UN VOYAGE INATTENDU;2012;PETER JACKSON;6565289
LES PIRATES ! BONS A RIEN MAUVAIS EN TOUT;2012;PETER LORD;1546080
LES CINQ LEGENDES;2012;PETER RAMSEY;5573822
21 JUMP STREET;2012;PHIL LORD;575023
LES VACANCES DE DUCOBU;2012;PHILIPPE DE CHAUVERON;2057288
MONSIEUR LAZHAR;2012;PHILIPPE FALARDEAU;410944
LA DESINTEGRATION;2012;PHILIPPE FAUCON;95265
30° COULEUR;2012;PHILIPPE LARUE;260795
UNE NUIT;2012;PHILIPPE LEFEBVRE (II);418933
NOS PLUS BELLES VACANCES;2012;PHILIPPE LELLOUCHE;581299
LA DAME DE FER;2012;PHYLLIDA LLOYD;1127760
MAINS ARMEES;2012;PIERRE JOLIVET;627990
PARLEZ-MOI DE VOUS;2012;PIERRE PINAUD;607489
RENGAINE;2012;RACHID DJAIDANI;250899
JOURNAL DE FRANCE;2012;RAYMOND DEPARDON;121489
POPULAIRE;2012;REGIS ROINSARD;2290445
ZARAFA;2012;REMI BEZANCON;2772592
LOOPER;2012;RIAN JOHNSON;1741449
LES MONDES DE RALPH;2012;RICH MOORE;3455683
PROMETHEUS;2012;RIDLEY SCOTT;3473269
ALEX CROSS;2012;ROB COHEN;237214
LE ROI LION 3D;2012;ROB MINKOFF;1202948
UNE NOUVELLE CHANCE;2012;ROBERT LORENZ;448341
ALBERT NOBBS;2012;RODRIGO GARCIA;149873
LE ROI LION 3D;2012;ROGER ALLERS;1202948
LE PACTE;2012;ROGER DONALDSON;916952
ANONYMOUS (2012);2012;ROLAND EMMERICH;77801
RADIOSTARS;2012;ROMAIN LEVY;1101612
BROKEN;2012;RUFUS NORRIS;199595
BLANCHE-NEIGE ET LE CHASSEUR;2012;RUPERT SANDERS;3678967
COMME UN HOMME;2012;SAFY NEBBOU;61572
L'ETRANGE POUVOIR DE NORMAN;2012;SAM FELL;561424
ANOTHER HAPPY DAY;2012;SAM LEVINSON;201687
SKYFALL;2012;SAM MENDES;11949470
J'ENRAGE DE SON ABSENCE;2012;SANDRINE BONNAIRE;208268
SINISTER;2012;SCOTT DERRICKSON;837870
SEXY DANCE 4 MIAMI HEAT;2012;SCOTT SPEER;2309147
LES VIEUX CHATS;2012;SEBASTIAN SILVA;171302
TED;2012;SETH MACFARLANE;2752786
MY WEEK WITH MARILYN;2012;SIMON CURTIS;406065
EXPENDABLES 2 UNITE SPECIALE;2012;SIMON WEST;3840929
PARIS-MANHATTAN;2012;SOPHIE LELLOUCHE;439175
MY BEST MEN;2012;STEPHAN ELLIOTT;201324
JEAN DE LA LUNE;2012;STEPHAN SCHESCH;461200
ERNEST ET CELESTINE;2012;STEPHANE AUBIER;1850332
QUELQUES HEURES DE PRINTEMPS;2012;STEPHANE BRIZE;638597
ET SI ON VIVAIT TOUS ENSEMBLE ?;2012;STEPHANE ROBELIN;630834
L'AIR DE RIEN;2012;STEPHANE VIARD;73342
EXTREMEMENT FORT & INCROYABLEMENT PRES;2012;STEPHEN DALDRY;426521
LADY VEGAS;2012;STEPHEN FREARS;57986
LOCK OUT;2012;STEPHEN ST. LEGER;931692
L'AGE DE GLACE 4 LA DERIVE DES CONTINENTS;2012;STEVE MARTINO;11927196
MAGIC MIKE;2012;STEVEN SODERBERGH;569230
PIEGEE;2012;STEVEN SODERBERGH;282322
CHEVAL DE GUERRE;2012;STEVEN SPIELBERG;1303237
LOVE IS ALL YOU NEED;2012;SUSANNE BIER;49445
LA VIE D'UNE AUTRE;2012;SYLVIE TESTUD;710909
CONFESSION D'UN ENFANT DU SIECLE;2012;SYLVIE VERHEYDE;61861
BLANCHE NEIGE;2012;TARSEM SINGH;1571858
UNE BOUTEILLE A LA MER;2012;THIERRY BINISTI;353766
LA VERITE SI JE MENS ! 3;2012;THOMAS GILOU;5568384
LA CHASSE;2012;THOMAS VINTERBERG;311168
DARK SHADOWS;2012;TIM BURTON;3539904
FRANKENWEENIE;2012;TIM BURTON;1231725
ABRAHAM LINCOLN : CHASSEUR DE VAMPIRES;2012;TIMUR BEKMAMBETOV;884686
MADAGASCAR 3 BONS BAISERS D'EUROPE;2012;TOM MCGRATH;5602449
LA TAUPE;2012;TOMAS ALFREDSON;1184794
JASON BOURNE : L'HERITAGE;2012;TONY GILROY;1788122
DETACHMENT;2012;TONY KAYE;425632
UNE SECONDE FEMME;2012;UMUT DAG;74045
L'ENFANT D'EN HAUT;2012;URSULA MEIER;297240
LE PETIT GRUFFALO;2012;UWE HEIDSCHOTTER;318363
MAIN DANS LA MAIN;2012;VALERIE DONZELLI;630518
SAMMY 2;2012;VINCENT KESTELOOT;1395000
ERNEST ET CELESTINE;2012;VINCENT PATAR;1850332
BYE BYE BLONDIE;2012;VIRGINIE DESPENTES;57578
SUR LA ROUTE;2012;WALTER SALLES;681969
LES SAPHIRS;2012;WAYNE BLAIR;149750
MOONRISE KINGDOM;2012;WES ANDERSON;1023342
DEVIL INSIDE;2012;WILLIAM BRENT BELL;696232
KILLER JOE;2012;WILLIAM FRIEDKIN;333762
TO ROME WITH LOVE;2012;WOODY ALLEN;1095217
LAURENCE ANYWAYS;2012;XAVIER DOLAN;186274
SUPERSTAR;2012;XAVIER GIANNOLI;409675
A L'AVEUGLE;2012;XAVIER PALUD;455743
DO NOT DISTURB;2012;YVAN ATTAL;219928
LA VIE D'ADELE CHAPITRES 1 & 2;2013;ABDELLATIF KECHICHE;2236298
YOU'RE NEXT;2013;ADAM WINGARD;250023
AU BOUT DU CONTE;2013;AGNES JAOUI;1950833
JOSEPHINE;2013;AGNES OBADIA;1239519
L'INCONNU DU LAC;2013;ALAIN GUIRAUDIE;248327
UN P'TIT GARS DE MENILMONTANT;2013;ALAIN MINIER;39935
THOR : LE MONDE DES TENEBRES;2013;ALAN TAYLOR;4859306
CHIMPANZES;2013;ALASTAIR FOTHERGILL;762428
9 MOIS FERME;2013;ALBERT DUPONTEL;4386318
LA VRAIE VIE DES PROFS;2013;ALBERT PEREIRA LAZARO;875513
AMOUR & TURBULENCES;2013;ALEXANDRE CASTAGNETTI;745728
BOULE ET BILL;2013;ALEXANDRE CHARLOT;4124993
EYJAFJALLAJOKULL;2013;ALEXANDRE COFFRE;3672460
GRAVITY;2013;ALFONSO CUARON;7428999
BROKEN CITY;2013;ALLEN HUGHES;184378
INCH'ALLAH;2013;ANAIS BARBEAU-LAVALETTE;49582
MAMA;2013;ANDRES MUSCHIETTI;627031
LES AMES VAGABONDES;2013;ANDREW NICCOL;788969
LE MONDE DE NEMO 3D;2013;ANDREW STANTON;496043
CLOUD ATLAS;2013;ANDY WACHOWSKI;843255
RENDEZ-VOUS A KIRUNA;2013;ANNA NOVION;108116
PERFECT MOTHERS;2013;ANNE FONTAINE;407445
SOUS LE FIGUIER;2013;ANNE-MARIE ETIENNE;374565
ILO ILO;2013;ANTHONY CHEN;213553
LES GAMINS;2013;ANTHONY MARCIANO;3379760
LA CHUTE DE LA MAISON BLANCHE;2013;ANTOINE FUQUA;699829
LE CONGRES;2013;ARI FOLMAN;61928
THE ICEMAN;2013;ARIEL VROMEN;197205
ANGELIQUE;2013;ARIEL ZEITOUN;257858
MICHAEL KOHLHAAS;2013;ARNAUD DES PALLIERES;327321
JIMMY P.;2013;ARNAUD DESPLECHIN;573305
LE PASSE;2013;ASGHAR FARHADI;2005949
SYNGUE SABOUR - PIERRE DE PATIENCE;2013;ATIQ RAHIMI;449205
TIREZ LA LANGUE, MADEMOISELLE;2013;AXELLE ROPERT;233449
2 GUNS;2013;BALTASAR KORMAKUR;713176
SUR LA TERRE DES DINOSAURES;2013;BARRY COOK;1020767
THE BAY;2013;BARRY LEVINSON;171249
GATSBY LE MAGNIFIQUE;2013;BAZ LUHRMANN;3015173
LE MANOIR MAGIQUE;2013;BEN STASSEN;2285768
ENFANCE CLANDESTINE;2013;BENJAMIN AVILA;120238
BATTLE OF THE YEAR;2013;BENSON LEE;187293
QUAI D'ORSAY;2013;BERTRAND TAVERNIER;1883565
LE CINQUIEME POUVOIR;2013;BILL CONDON;67010
MY MOVIE PROJECT;2013;BOB ODENKIRK;121717
SNOWPIERCER LE TRANSPERCENEIGE;2013;BONG JOON-HO;1475299
THE CALL;2013;BRAD ANDERSON;347967
PLAYERS;2013;BRAD FURMAN;797422
MY MOVIE PROJECT;2013;BRETT RATNER;121717
PASSION;2013;BRIAN DE PALMA;277028
TU HONORERAS TA MERE ET TA MERE;2013;BRIGITTE ROUAN;77293
LE GRAND MECHANT LOUP;2013;BRUNO;731646
CAMILLE CLAUDEL 1915;2013;BRUNO DUMONT;233910
JACK LE CHASSEUR DE GEANTS;2013;BRYAN SINGER;994995
CASSE-TETE CHINOIS;2013;CEDRIC KLAPISCH;3102632
HOTEL NORMANDY;2013;CHARLES NEMES;214313
LA REINE DES NEIGES;2013;CHRIS BUCK;10689906
MOI, MOCHE ET MECHANT 2;2013;CHRIS RENAUD;9402242
LES CROODS;2013;CHRIS SANDERS;3870555
EPIC : LA BATAILLE DU ROYAUME SECRET 3D;2013;CHRIS WEDGE;2363848
JAPPELOUP;2013;CHRISTIAN DUGUAY;3594687
EN SOLITAIRE;2013;CHRISTOPHE OFFENSTEIN;1390925
LES SALAUDS;2013;CLAIRE DENIS;181724
GARE DU NORD;2013;CLAIRE SIMON;162008
CHEZ NOUS C'EST TROIS !;2013;CLAUDE DUTY;32130
LA STRATEGIE DE LA POUSSETTE;2013;CLEMENT MICHEL;578177
AYA DE YOPOUGON;2013;CLEMENT OUBRERIE;280940
LE GEANT EGOISTE;2013;CLIO BARNARD;325001
LA PETITE FABRIQUE DU MONDE;2013;CRISTINA LASTREGO;65551
L'AUBE ROUGE;2013;DAN BRADLEY;86267
MARIAGE A L'ANGLAISE;2013;DAN MAZER;706629
MONSTRES ACADEMY;2013;DAN SCANLON;3719683
FANNY;2013;DANIEL AUTEUIL;772828
MARIUS;2013;DANIEL AUTEUIL;867095
DES GENS QUI S'EMBRASSENT;2013;DANIELE THOMPSON;333214
TRANCE;2013;DANNY BOYLE;480210
INTERSECTIONS;2013;DAVID MARCONI;132673
20 ANS D'ECART;2013;DAVID MOREAU;2898378
HAPPINESS THERAPY;2013;DAVID O. RUSSELL;2134013
TURBO;2013;DAVID SOREN;4864418
RIDDICK;2013;DAVID TWOHY;1104927
RED 2;2013;DEAN PARISOT;1358294
PRISONERS;2013;DENIS VILLENEUVE;2451074
COPAINS POUR TOUJOURS 2;2013;DENNIS DUGAN;208473
THE PLACE BEYOND THE PINES;2013;DEREK CIANFRANCE;1327716
POUR UNE FEMME;2013;DIANE KURYS;421495
REVES D'OR;2013;DIEGO QUEMADA-DIEZ;222528
FESTIVAL CINEMA TELERAMA (2013);2013;DIVERS;95074
QUARTET;2013;DUSTIN HOFFMAN;687200
LE DERNIER EXORCISME PART II;2013;ED GASS-DONNELLY;343054
LE JOUR ATTENDRA;2013;EDGAR MARIE;186304
LE DERNIER PUB AVANT LA FIN DU MONDE;2013;EDGAR WRIGHT;263958
MARIAGE A MENDOZA;2013;EDOUARD DELUC;122123
MY MOVIE PROJECT;2013;ELIZABETH BANKS;121717
THE WAY LA ROUTE ENSEMBLE;2013;EMILIO ESTEVEZ;260640
LA VRAIE VIE DES PROFS;2013;EMMANUEL KLOTZ;875513
ELLE S'EN VA;2013;EMMANUELLE BERCOT;860239
TAD L'EXPLORATEUR : A LA RECHERCHE DE LA CITE PERDUE;2013;ENRIQUE GATO;615340
PINOCCHIO;2013;ENZO D'ALO;334396
ZAYTOUN;2013;ERAN RIKLIS;66941
LOULOU L'INCROYABLE SECRET;2013;ERIC OMOND;543392
MOBIUS;2013;ERIC ROCHANT;2193578
MOHAMED DUBOIS;2013;ERNESTO ONA;793080
INSIDE LLEWYN DAVIS;2013;ETHAN COEN;1167621
C'EST LA FIN;2013;EVAN GOLDBERG;121150
TURF;2013;FABIEN ONTENIENTE;749981
UNE PLACE SUR LA TERRE;2013;FABIENNE GODET;307943
EVIL DEAD;2013;FEDE ALVAREZ;768011
ALABAMA MONROE;2013;FELIX VAN GROENINGEN;422681
L'ARTISTE ET SON MODELE;2013;FERNANDO TRUEBA;176593
LA PETITE FABRIQUE DU MONDE;2013;FRANCESCO TESTA;65551
HUNGER GAMES L'EMBRASEMENT;2013;FRANCIS LAWRENCE;6422155
BLACKIE & KANUTO;2013;FRANCIS NIELSEN;30129
MANIAC;2013;FRANCK KHALFOUN;258168
BOULE ET BILL;2013;FRANCK MAGNIER;4124993
MON AME PAR TOI GUERIE;2013;FRANCOIS DUPEYRON;262506
JEUNE & JOLIE;2013;FRANCOIS OZON;1498593
AMITIES SINCERES;2013;FRANCOIS PREVOT-LEYGONIE;1708391
CHEBA LOUISA;2013;FRANCOISE CHARPIAT;193728
LANDES;2013;FRANCOIS-XAVIER VIVES;177040
LES INVINCIBLES;2013;FREDERIC BERTHE;301490
12 ANS D'AGE;2013;FREDERIC PROUST;147696
DEHORS, C'EST L'ETE;2013;FRIEDERIKE JEHN;2506
LA STRATEGIE ENDER;2013;GAVIN HOOD;839155
HOTEL TRANSYLVANIE;2013;GENNDY TARTAKOVSKY;2084596
L'AUTRE VIE DE RICHARD KEMP;2013;GERMINAL ALVAREZ;43246
RENOIR;2013;GILLES BOURDOS;1032796
BELLE DU SEIGNEUR;2013;GLENIO BONDER;34838
LONE RANGER NAISSANCE D'UN HEROS;2013;GORE VERBINSKI;2362629
LOULOU L'INCROYABLE SECRET;2013;GREGOIRE SOLOTAREFF;543392
MY MOVIE PROJECT;2013;GRIFFIN DUNNE;121717
BLOOD TIES;2013;GUILLAUME CANET;492166
LES GARCONS ET GUILLAUME, A TABLE !;2013;GUILLAUME GALLIENNE;6020824
LA RELIGIEUSE;2013;GUILLAUME NICLOUX;509615
PACIFIC RIM;2013;GUILLERMO DEL TORO;2011502
PROMISED LAND;2013;GUS VAN SANT;448316
WADJDA;2013;HAIFAA AL MANSOUR;1080924
OMAR;2013;HANY ABU-ASSAD;182021
THE MORTAL INSTRUMENTS : LA CITE DES TENEBRES;2013;HARALD ZWART;805622
SPRING BREAKERS;2013;HARMONY KORINE;1232931
UNE HISTOIRE D'AMOUR;2013;HELENE FILLIERES;82989
TEL PERE, TEL FILS;2013;HIROKAZU KORE-EDA;851484
LETTRE A MOMO;2013;HIROYUKI OKIURA;136174
RUE MANDAR;2013;IDIT CEBULA;294023
LA VIE DOMESTIQUE;2013;ISABELLE CZAJKA;333496
FONZY;2013;ISABELLE DOVAL;888986
ALL IS LOST;2013;J.C. CHANDOR;157354
VICTOR YOUNG PEREZ;2013;JACQUES OUANICHE;102806
AMERICAN NIGHTMARE;2013;JAMES DEMONACO;805957
MY MOVIE PROJECT;2013;JAMES DUFFY;121717
THE IMMIGRANT;2013;JAMES GRAY;727386
MY MOVIE PROJECT;2013;JAMES GUNN;121717
WOLVERINE : LE COMBAT DE L'IMMORTEL;2013;JAMES MANGOLD;3197249
SHADOW DANCER;2013;JAMES MARSH;138517
CONJURING LES DOSSIERS WARREN;2013;JAMES WAN;2539072
INSIDIOUS : CHAPTER 2;2013;JAMES WAN;1061381
LA SORCIERE DANS LES AIRS;2013;JAN LACHAUER;197110
OH BOY;2013;JAN OLE GERSTER;131423
THE HIT GIRLS;2013;JASON MOORE;214352
LA CONFRERIE DES LARMES;2013;JEAN-BAPTISTE ANDREA;70372
LES REINES DU RING;2013;JEAN-MARC RUDNICKI;555337
ARRETEZ MOI;2013;JEAN-PAUL LILIENFELD;202320
JE FAIS LE MORT;2013;JEAN-PAUL SALOME;413711
L'EXTRAVAGANT VOYAGE DU JEUNE ET PRODIGIEUX T.S. SPIVET;2013;JEAN-PIERRE JEUNET;1398618
MUD SUR LES RIVES DU MISSISSIPPI;2013;JEFF NICHOLS;1313575
JACKASS PRESENTE : BAD GRANDPA;2013;JEFF TREMAINE;143138
KICK-ASS 2;2013;JEFF WADLOW;1486994
STAR TREK INTO DARKNESS;2013;JEFFREY ABRAMS;1510138
LA REINE DES NEIGES;2013;JENNIFER LEE;10689906
LE TEMPS DE L'AVENTURE;2013;JEROME BONNELL;540349
PAULETTE;2013;JEROME ENRICO;2048564
ZULU;2013;JEROME SALLE;615661
A TOUCH OF SIN;2013;JIA ZHANG KE;415922
INSIDE LLEWYN DAVIS;2013;JOEL COEN;1167621
UNE CHANSON POUR MA MERE;2013;JOEL FRANKA;278003
TEXAS CHAINSAW 3D;2013;JOHN LUESSENHOP;103756
DIE HARD : BELLE JOURNEE POUR MOURIR;2013;JOHN MOORE;3618467
G.I. JOE : CONSPIRATION;2013;JON M. CHU;1567511
LAST VEGAS;2013;JON TURTELTAUB;447296
WARM BODIES RENAISSANCE;2013;JONATHAN LEVINE;591884
DON JON;2013;JOSEPH GORDON-LEVITT;538289
OBLIVION;2013;JOSEPH KOSINSKI;2611665
JOBS;2013;JOSHUA MICHAEL STERN;538081
DEMI-SOEUR;2013;JOSIANE BALASKO;447630
UPSIDE DOWN;2013;JUAN SOLANAS;444530
40 ANS MODE D'EMPLOI;2013;JUDD APATOW;345471
LA CITE ROSE;2013;JULIEN ABRAHAM;329779
GIBRALTAR;2013;JULIEN LECLERCQ;556302
MANDELA UN LONG CHEMIN VERS LA LIBERTE;2013;JUSTIN CHADWICK;909219
FAST & FURIOUS 6;2013;JUSTIN LIN;6245940
UN GRAND MARIAGE;2013;JUSTIN ZACKHAM;312982
SUZANNE;2013;KATELL QUILLEVERE;666055
ZERO DARK THIRTY;2013;KATHRYN BIGELOW;1113742
PLANES;2013;KAY HALL;3557775
LE DERNIER REMPART;2013;KIM JEE-WOON;533114
CARRIE LA VENGEANCE;2013;KIMBERLY PEIRCE;503404
LA PETITE FABRIQUE DU MONDE;2013;KIRSTEN LEPORE;65551
ROCK THE CASBAH;2013;LAILA MARRAKCHI;141115
CLOUD ATLAS;2013;LANA WACHOWSKI;843255
L'HYPNOTISEUR;2013;LASSE HALLSTROM;46421
FOXFIRE;2013;LAURENT CANTET;248557
LA GRANDE BOUCLE;2013;LAURENT TUEL;587601
COOKIE;2013;LEA FAZER;168314
LE MAJORDOME;2013;LEE DANIELS;4163843
LE MONDE DE NEMO 3D;2013;LEE UNKRICH;496043
DENIS;2013;LIONEL BAILLIU;98532
SHERIF JACKSON;2013;LOGAN MILLER;113713
INSAISISSABLES;2013;LOUIS LETERRIER;6099225
GABRIELLE;2013;LOUISE ARCHAMBAULT;170195
MALAVITA;2013;LUC BESSON;1993659
IL ETAIT UNE FORET;2013;LUC JACQUET;805836
L'APPRENTI PERE NOEL ET LE FLOCON MAGIQUE;2013;LUC VINCIGUERRA;1435652
AFTER EARTH;2013;M. NIGHT SHYAMALAN;2563775
GRIGRIS;2013;MAHAMAT-SALEH HAROUN;46746
MA MAMAN EST EN AMERIQUE, ELLE A RENCONTRE BUFFALO BILL;2013;MARC BOREAL;278089
LE COEUR DES HOMMES 3;2013;MARC ESPOSITO;967698
WORLD WAR Z;2013;MARC FORSTER;4788747
LA BELLE ENDORMIE;2013;MARCO BELLOCCHIO;66283
HANNAH ARENDT;2013;MARGARETHE VON TROTTA;739565
AYA DE YOPOUGON;2013;MARGUERITE ABOUET;280940
LES BEAUX JOURS;2013;MARION VERNOUX;987492
CHIMPANZES;2013;MARK LINFIELD;762428
POP REDEMPTION;2013;MARTIN LE GALL;185423
7 PSYCHOPATHES;2013;MARTIN MC DONAGH;306464
VIOLETTE;2013;MARTIN PROVOST;286446
LE LOUP DE WALL STREET;2013;MARTIN SCORSESE;5483167
PAS TRES NORMALES ACTIVITES;2013;MAURICE BARTHELEMY;366318
LA SORCIERE DANS LES AIRS;2013;MAX LANG;197110
NO PAIN NO GAIN;2013;MICHAEL BAY;674384
GAMBIT ARNAQUE A L'ANGLAISE;2013;MICHAEL HOFFMAN;176289
A VERY ENGLISHMAN;2013;MICHAEL WINTERBOTTOM;47371
VIVE LA FRANCE;2013;MICHAEL YOUN;2272280
L'ECUME DES JOURS;2013;MICHEL GONDRY;1759676
EVASION;2013;MIKAEL HAFSTROM;1011584
NE QUELQUE PART;2013;MOHAMED HAMIDI;857361
ONE DIRECTION;2013;MORGAN SPURLOCK;238327
LA MARCHE;2013;NABIL BEN YADIR;427424
LA PETITE FABRIQUE DU MONDE;2013;NATALIA MIRZOYAN;65551
SUR LA TERRE DES DINOSAURES;2013;NEIL NIGHTINGALE;1020767
ELYSIUM;2013;NEILL BLOMKAMP;2968723
LA FLEUR DE L'AGE;2013;NICK QUINN;428382
LE GRAND MECHANT LOUP;2013;NICOLAS;731646
AU BONHEUR DES OGRES;2013;NICOLAS BARY;325983
GRAND DEPART;2013;NICOLAS MERCIER;108793
LA MAISON DE LA RADIO;2013;NICOLAS PHILIBERT;195184
BELLE ET SEBASTIEN;2013;NICOLAS VANIER;6373429
ONLY GOD FORGIVES;2013;NICOLAS WINDING REFN;975035
DEAD MAN DOWN;2013;NIELS ARDEN OPLEV;183702
LE SECRET DE L'ETOILE DU NORD;2013;NILS GAUP;180066
METALLICA THROUGH THE NEVER;2013;NIMROD ANTAL;59802
FRANCES HA;2013;NOAH BAUMBACH;575932
DIANA;2013;OLIVER HIRSCHBIEGEL;634585
OGGY ET LES CAFARDS - LE FILM;2013;OLIVIER JEAN-MARIE;300664
BLANCANIEVES;2013;PABLO BERGER;432890
NO;2013;PABLO LARRAIN;648420
LA GRANDE BELLEZZA;2013;PAOLO SORRENTINO;523502
SUR LE CHEMIN DE L'ECOLE;2013;PASCAL PLISSON;3106903
MY MOVIE PROJECT;2013;PATRIK FORSBERG;121717
SONG FOR MARION;2013;PAUL ANDREW WILLIAMS;136829
LES FLINGUEUSES;2013;PAUL FEIG;523765
CAPITAINE PHILLIPS;2013;PAUL GREENGRASS;923173
LE ROI ET L'OISEAU (REP 2013);2013;PAUL GRIMAULT;409524
THE MASTER;2013;PAUL THOMAS ANDERSON;379256
LES AMANTS PASSAGERS;2013;PEDRO ALMODOVAR;1118024
MY MOVIE PROJECT;2013;PETER FARRELLY;121717
LE HOBBIT : LA DESOLATION DE SMAUG;2013;PETER JACKSON;10231792
PARKLAND;2013;PETER LANDESMAN;85623
AVANT L'HIVER;2013;PHILIPPE CLAUDEL;606342
11.6;2013;PHILIPPE GODEAU;696874
ALCESTE A BICYCLETTE;2013;PHILIPPE LE GUAY;2377054
UN PRINCE (PRESQUE) CHARMANT;2013;PHILIPPE LELLOUCHE;386984
MOI, MOCHE ET MECHANT 2;2013;PIERRE COFFIN;9402242
LES PROFS;2013;PIERRE-FRANCOIS MARTIN LAVAL;8218540
DJANGO UNCHAINED;2013;QUENTIN TARANTINO;8428328
LES SCHTROUMPFS 2;2013;RAJA GOSNELL;4730600
LES MILLER UNE FAMILLE EN HERBE;2013;RAWSON THURBER;1107097
GRAND CENTRAL;2013;REBECCA ZLOTOWSKI;468068
PARIS A TOUT PRIX;2013;REEM KHERICI;1236076
INFILTRE;2013;RIC ROMAN WAUGH;436440
IL ETAIT TEMPS;2013;RICHARD CURTIS;456185
SUBLIMES CREATURES;2013;RICHARD LAGRAVENESE;1668498
BEFORE MIDNIGHT;2013;RICHARD LINKLATER;163124
CARTEL;2013;RIDLEY SCOTT;1283814
THE LUNCHBOX;2013;RITESH BATRA;1047409
JE SUIS SUPPORTER DU STANDARD;2013;RITON LIEBMAN;8984
IMOGENE;2013;ROBERT PULCINI;123398
SOUS SURVEILLANCE;2013;ROBERT REDFORD;691436
MACHETE KILLS;2013;ROBERT RODRIGUEZ;312973
R.I.P.D. BRIGADE FANTOME;2013;ROBERT SCHWENTKE;481926
FLIGHT;2013;ROBERT ZEMECKIS;1153464
WEEK-END ROYAL;2013;ROGER MICHELL;288384
WHITE HOUSE DOWN;2013;ROLAND EMMERICH;1138287
DANS LA TETE DE CHARLES SWAN III;2013;ROMAN COPPOLA;44015
LA VENUS A LA FOURRURE;2013;ROMAN POLANSKI;569933
RUSH;2013;RON HOWARD;646449
LA CAGE DOREE;2013;RUBEN ALVENS;2489927
GANGSTER SQUAD;2013;RUBEN FLEISCHER;1319250
MY MOVIE PROJECT;2013;RUSTY CUNDIEFF;121717
HITCHCOCK;2013;SACHA GERVASI;498870
LE MONDE FANTASTIQUE D'OZ;2013;SAM RAIMI;3115066
LA PETITE FABRIQUE DU MONDE;2013;SARAH WICKENS;65551
DARK SKIES;2013;SCOTT CHARLES STEWART;350061
TIP TOP;2013;SERGE BOZON;179034
ARNAQUE A LA CARTE;2013;SETH GORDON;75561
C'EST LA FIN;2013;SETH ROGEN;121150
IRON MAN 3;2013;SHANE BLACK;8107820
IMOGENE;2013;SHARI SPRINGER BERMAN;123398
LES STAGIAIRES;2013;SHAWN LEVY;587136
ALBATOR CORSAIRE DE L'ESPACE;2013;SHINJI ARAMAKI;1610509
12 HEURES;2013;SIMON WEST;223668
THE BLING RING;2013;SOFIA COPPOLA;928700
AMITIES SINCERES;2013;STEPHAN ARCHINARD;1708391
MAX (2013);2013;STEPHANIE MURAT;986136
MY MOVIE PROJECT;2013;STEVE CARR;121717
MY MOVIE PROJECT;2013;STEVEN BRILL;121717
CRAZY JOE;2013;STEVEN KNIGHT;420574
EFFETS SECONDAIRES;2013;STEVEN SODERBERGH;991128
MA VIE AVEC LIBERACE;2013;STEVEN SODERBERGH;496591
JURASSIC PARK 3D;2013;STEVEN SPIELBERG;433747
LINCOLN;2013;STEVEN SPIELBERG;1749695
ATTILA MARCEL;2013;SYLVAIN CHOMET;103166
LA MARQUE DES ANGES - MISERERE;2013;SYLVAIN WHITE;331395
PARKER;2013;TAYLOR HACKFORD;522084
A LA MERVEILLE;2013;TERRENCE MALICK;185653
MA MAMAN EST EN AMERIQUE, ELLE A RENCONTRE BUFFALO BILL;2013;THIBAUT CHATEL;278089
LES APACHES;2013;THIERRY DE PERETTI;105054
AMAZONIA;2013;THIERRY RAGOBERT;380987
PERCY JACKSON : LA MER DES MONSTRES;2013;THOR FREUDENTHAL;2916279
HIJACKING;2013;TOBIAS LINDHOLM;140831
VERY BAD TRIP 3;2013;TODD PHILLIPS;4022329
LES MISERABLES;2013;TOM HOOPER;465238
CLOUD ATLAS;2013;TOM TYKWER;843255
HANSEL & GRETEL : WITCH HUNTERS;2013;TOMMY WIRKOLA;1628992
16 ANS OU PRESQUE;2013;TRISTAN SEGUELA;1145975
PETIT CORBEAU;2013;UTE VON MUNCHOW-POHL;156321
UN CHATEAU EN ITALIE;2013;VALERIA BRUNI-TEDESCHI;516808
MIELE;2013;VALERIA GOLINO;62391
100% CACHEMIRE;2013;VALERIE LEMERCIER;968539
LES PETITS PRINCES;2013;VIANNEY LEBASQUE;165573
DU PLOMB DANS LA TETE;2013;WALTER HILL;264535
DROLES D'OISEAUX;2013;WAYNE THORNLEY;777621
THE GRANDMASTER;2013;WONG KAR-WAI;712324
BLUE JASMINE;2013;WOODY ALLEN;3063134
LES CONQUERANTS;2013;XABI MOLIA;53533
HENRI;2013;YOLANDE MOREAU;339188
LE PERE FRIMAS;2013;YOURI TCHERENKOV;219513
MAN OF STEEL;2013;ZACK SNYDER;2745333
L'ATTENTAT;2013;ZIAD DOUEIRI;316268
QU'ALLAH BENISSE LA FRANCE;2014;ABD AL MALIK;413334
TIMBUKTU;2014;ABDERRAHMANE SISSAKO;2840482
BIG BAD WOLVES;2014;AHARON KESHALES;58820
UN AMOUR D'HIVER;2014;AKIVA GOLDSMAN;143089
AIMER BOIRE ET CHANTER;2014;ALAIN RESNAIS;683419
GRIZZLY;2014;ALASTAIR FOTHERGILL;850466
LE GARCON ET LE MONDE;2014;ALE ABREU;220609
LES SORCIERES DE ZUGARRAMURDI;2014;ALEX DE LA IGLESIA;79253
NEBRASKA;2014;ALEXANDER PAYNE;239533
24 JOURS, LA VERITE SUR L'AFFAIRE ILAN HALIMI;2014;ALEXANDRE ARCADY;288980
ASTERIX - LE DOMAINE DES DIEUX;2014;ALEXANDRE ASTIER;6685086
LE GRIMOIRE D'ARKANDIAS;2014;ALEXANDRE CASTAGNETTI;883434
LE PERE NOEL;2014;ALEXANDRE COFFRE;1069014
UN ILLUSTRE INCONNU;2014;ALEXANDRE DE LA PATELLIERE;239961
AMOUR SUR PLACE OU A EMPORTER;2014;AMELLE CHAHBI;918351
L'HOMME QU'ON AIMAIT TROP;2014;ANDRE TECHINE;673076
PARADISE LOST;2014;ANDREA DI STEFANO;429774
LEVIATHAN;2014;ANDREI ZVYAGINTSEV;453565
DEEPSEA CHALLENGE 3D, L'AVENTURE D'UNE VIE;2014;ANDREW WIGHT;17471
L'HOMME DU PEUPLE;2014;ANDRZEJ WAJDA;83451
GEMMA BOVERY;2014;ANNE FONTAINE;1264216
ON A FAILLI ETRE AMIES;2014;ANNE LE NY;787148
WEEK-ENDS;2014;ANNE VILLACEQUE;211873
CAPTAIN AMERICA LE SOLDAT DE L'HIVER;2014;ANTHONY RUSSO;4071862
KHUMBA;2014;ANTHONY SILVERSTON;1082093
LES BOXTROLLS;2014;ANTHONY STACCHI;1032710
A TOUTE EPREUVE;2014;ANTOINE BLOSSIER;593316
EQUALIZER;2014;ANTOINE FUQUA;1615532
UN HOMME TRES RECHERCHE;2014;ANTON CORBIJN;443430
LE PARFUM DE LA CAROTTE;2014;ARNAUD DEMUYNCK;307657
L'AMOUR EST UN CRIME PARFAIT;2014;ARNAUD LARRIEU;826854
SOUS LES JUPES DES FILLES;2014;AUDREY DANA;3095011
AFRICAN SAFARI 3D;2014;BEN STASSEN;63207
LA VIE REVEE DE WALTER MITTY;2014;BEN STILLER;2026869
LIBRE ET ASSOUPI;2014;BENJAMIN GUEDJ;222322
TANTE HILDA !;2014;BENOIT CHIEUX;161520
3 COEURS;2014;BENOIT JACQUOT;851751
LES RAYURES DU ZEBRE;2014;BENOIT MARIAGE;158635
LES 3 FRERES LE RETOUR;2014;BERNARD CAMPAN;5013575
SAINT-LAURENT;2014;BERTRAND BONELLO;834581
DUMB & DUMBER DE;2014;BOBBY FARRELLY;669133
UN PROF PAS COMME LES AUTRES;2014;BORA DAGTEKIN;147346
HERCULE;2014;BRETT RATNER;1706666
LA VOLEUSE DE LIVRES;2014;BRIAN PERCIVAL;293419
PANIQUE CHEZ LES JOUETS;2014;BRUNO COLLET;112985
BOUBOULE;2014;BRUNO DEVILLE;151015
X-MEN : DAYS OF FUTURE PAST;2014;BRYAN SINGER;6803503
BRICK MANSIONS;2014;CAMILLE DELAMARRE;693897
47 RONIN;2014;CARL RINSCH;455601
RIO 2;2014;CARLOS SALDANHA;6710959
ABUS DE FAIBLESSE;2014;CATHERINE BREILLAT;65197
BELLE COMME LA FEMME D'UN AUTRE;2014;CATHERINE CASTEL;135968
LES YEUX JAUNES DES CROCODILES;2014;CECILE TELERMAN;1422648
LA PROCHAINE FOIS JE VISERAI LE COEUR;2014;CEDRIC ANGER;1110183
LA FRENCH;2014;CEDRIC JIMENEZ;3398598
VIE SAUVAGE;2014;CEDRIC KAHN;428627
BANDE DE FILLES;2014;CELINE SCIAMMA;695196
L'INCROYABLE HISTOIRE DE WINTER LE DAUPHIN 2;2014;CHARLES MARTIN SMITH;410219
LA GRANDE AVENTURE LEGO;2014;CHRIS MCKAY;3313696
22 JUMP STREET;2014;CHRIS MILLER;1198561
LA GRANDE AVENTURE LEGO;2014;CHRIS MILLER;3313696
AFRIK'AIOLI;2014;CHRISTIAN PHILIBERT;59115
LA BELLE ET LA BETE (2014);2014;CHRISTOPHE GANS;3876669
METAMORPHOSES;2014;CHRISTOPHE HONORE;79277
PARANORMAL ACTIVITY : THE MARKED ONES;2014;CHRISTOPHER LANDON;1236138
INTERSTELLAR;2014;CHRISTOPHER NOLAN;5737591
PARTY GIRL;2014;CLAIRE BURGER;441651
SALAUD, ON T'AIME;2014;CLAUDE LELOUCH;743543
LES DROLES DE POISSONS-CHAT;2014;CLAUDIA SAINTE-LUCE;112128
JERSEY BOYS;2014;CLINT EASTWOOD;483692
L'ILE DES MIAM-NIMAUX : TEMPETE DE BOULETTES GEANTES 2;2014;CODY CAMERON;1282345
TOUT EST PERMIS;2014;COLINE SERREAU;33478
WHIPLASH;2014;DAMIEN CHAZELLE;1457054
NIGHT CALL;2014;DAN GILROY;981876
SUPERCONDRIAQUE;2014;DANY BOON;10492839
NOE;2014;DARREN ARONOFSKY;2717387
ECHO;2014;DAVE GREEN;232996
FURY;2014;DAVID AYER;1720096
SABOTAGE;2014;DAVID AYER;254498
MAPS TO THE STARS;2014;DAVID CRONENBERG;565088
LE JUGE;2014;DAVID DOBKIN;269578
GONE GIRL;2014;DAVID FINCHER;4251342
JOE;2014;DAVID GORDON GREEN;363738
LES POINGS CONTRE LES MURS;2014;DAVID MACKENZIE;199709
THE ROVER;2014;DAVID MICHOD;126942
AMERICAN BLUFF;2014;DAVID O. RUSSELL;1403772
DRAGONS 2;2014;DEAN DEBLOIS;6664247
CRISTEROS;2014;DEAN WRIGHT;183783
A COUP SUR;2014;DELPHINE DE VIGAN;283052
ENEMY;2014;DENIS VILLENEUVE;464166
STATES OF GRACE;2014;DESTIN CRETTON;211750
BLACK COAL;2014;DIAO YINAN;469713
LES 3 FRERES LE RETOUR;2014;DIDIER BOURDON;5013575
LA LISTE DE MES ENVIES;2014;DIDIER LE PECHEUR;910544
CHEMIN DE CROIX;2014;DIETRICH BRUGGEMANN;32237
L'EX DE MA VIE;2014;DOROTHEE SEBBAGH;426783
EDGE OF TOMORROW;2014;DOUG LIMAN;2504741
UNE AUTRE VIE;2014;EMMANUEL MOURET;119363
KIDON;2014;EMMANUEL NACCACHE;56529
LE DERNIER DIAMANT;2014;ERIC BARBIER;292205
LA FAMILLE BELIER;2014;ERIC LARTIGAU;16485214
BARBECUE;2014;ERIC LAVAINE;3487192
SAMBA;2014;ERIC TOLEDANO;6936541
A LA POURSUITE DU ROI PLUMES;2014;ESBEN TOFT JACOBSEN;264850
LES FRANCIS;2014;FABRICE BEGOTTI;856868
COLT 45;2014;FABRICE DU WELZ;136593
LE CROCODILE DU BOTSWANGA;2014;FABRICE EBOUE;2580673
LE VIEUX QUI NE VOULAIT PAS FETER SON ANNIVERSAIRE;2014;FELIX HERNGREN;399785
HUNGER GAMES - LA REVOLTE PARTIE 1;2014;FRANCIS LAWRENCE;7072988
LE JEU DE LA VERITE;2014;FRANCOIS DESAGNAT;110620
UNE NOUVELLE AMIE;2014;FRANCOIS OZON;1285300
MEA CULPA;2014;FRED CAVAYE;1035190
96 HEURES;2014;FREDERIC SCHOENDOERFFER;336227
SMS;2014;GABRIEL JULIEN-LAFERRIERE;661458
GODZILLA;2014;GARETH EDWARDS;2957997
THE RAID 2 : BERANDAL;2014;GARETH EVANS;216440
HOMEFRONT;2014;GARY FLEDER;1374786
DRACULA UNTOLD;2014;GARY SHORE;1379099
D'UNE VIE A L'AUTRE;2014;GEORG MAAS;313682
MONUMENTS MEN;2014;GEORGE CLOONEY;2756458
THE BEST OFFER;2014;GIUSEPPE TORNATORE;143430
LES BOXTROLLS;2014;GRAHAM ANNABLE;1032710
WHITE BIRD;2014;GREGG ARAKI;125296
TERRE DES OURS;2014;GUILLAUME VINCENT;184085
LE VENT SE LEVE;2014;HAYAO MIYAZAKI;1728486
MINUSCULE LA VALLEE DES FOURMIS PERDUES;2014;HELENE GIRAUD;3239061
MY SWEET PEPPER LAND;2014;HINER SALEEM;385688
THE TWO FACES OF JANUARY;2014;HOSSEIN AMINI;418422
LE CONTE DE LA PRINCESSE KAGUYA;2014;ISAO TAKAHATA;529897
TANTE HILDA !;2014;JACQUES-REMY GIRERD;161520
SEX TAPE;2014;JAKE KASDAN;1182786
YVES SAINT LAURENT;2014;JALIL LESPERT;3583322
AMERICAN NIGHTMARE 2 : ANARCHIE;2014;JAMES DEMONACO;1226706
LES GARDIENS DE LA GALAXIE;2014;JAMES GUNN;5119619
LAST DAYS OF SUMMER;2014;JASON REITMAN;147733
MEN, WOMEN & CHILDREN;2014;JASON REITMAN;73744
REC 4 APOCALYPSE;2014;JAUME BALAGUERO;570726
NON-STOP;2014;JAUME COLLET-SERRA;2620242
BON RETABLISSEMENT !;2014;JEAN BECKER;1197744
MANGE TES MORTS - TU NE DIRAS POINT;2014;JEAN-CHARLES HUE;88919
A LA VIE;2014;JEAN-JACQUES ZILBERMANN;239400
DALLAS BUYERS CLUB;2014;JEAN-MARC VALLEE;807489
L'AMOUR EST UN CRIME PARFAIT;2014;JEAN-MARIE LARRIEU;826854
BREVES DE COMPTOIR;2014;JEAN-MICHEL RIBES;457961
ELLE L'ADORE;2014;JEANNE HERRY-LECLERC;1106266
MARIE HEURTIN;2014;JEAN-PIERRE AMERIS;598758
DEUX JOURS, UNE NUIT;2014;JEAN-PIERRE DARDENNE;1195376
MISTER BABADOOK;2014;JENNIFER KENT;327970
ONLY LOVERS LEFT ALIVE;2014;JIM JARMUSCH;680446
CAPTAIN AMERICA LE SOLDAT DE L'HIVER;2014;JOE RUSSO;4071862
DUO D'ESCROCS;2014;JOEL HOPKINS;395518
PANIQUE CHEZ LES JOUETS;2014;JOEL SIMON;112985
DEEPSEA CHALLENGE 3D, L'AVENTURE D'UNE VIE;2014;JOHN BRUNO;17471
NEW YORK MELODY;2014;JOHN CARNEY;552209
CATACOMBES;2014;JOHN ERICK DOWDLE;474307
DANS L'OMBRE DE MARY - LA PROMESSE DE WALT DISNEY;2014;JOHN LEE HANCOCK;486049
ANNABELLE;2014;JOHN R. LEONETTI;3575371
APPRENTI GIGOLO;2014;JOHN TURTURRO;521557
UN ETE A OSAGE COUNTY;2014;JOHN WELLS;1165803
UNDER THE SKIN;2014;JONATHAN GLAZER;342161
NINJA TURTLES;2014;JONATHAN LIEBESMAN;3639730
LES VOIES DU DESTIN;2014;JONATHAN TEPLITZKY;125608
LA LEGENDE DE MANOLO;2014;JORGE R. GUTIEREZ;873368
ROBOCOP;2014;JOSE PADILHA;1424629
NOS ETOILES CONTRAIRES;2014;JOSH BOONE;2318861
LE SEL DE LA TERRE;2014;JULIANO RIBEIRO SALGADO;787168
LA COUR DE BABEL;2014;JULIE BERTUCCELLI;425244
LE BEAU MONDE;2014;JULIE LOPES-CURVAL;212145
LOU ! JOURNAL INFIME;2014;JULIEN NEEL;887170
LE GRIMOIRE D'ARKANDIAS;2014;JULIEN SIMONET;883434
FIVE THIRTEEN;2014;KADER AYD;60183
TIENS-TOI DROITE;2014;KATIA LEWKOWICZ;99843
GRIZZLY;2014;KEITH SCHOLEY;850466
NIGHT MOVES;2014;KELLY REICHARDT;123500
JIMMY'S HALL;2014;KEN LOACH;1054713
THE RYAN INITIATIVE;2014;KENNETH BRANAGH;946519
HOW I LIVE NOW MAINTENANT C'EST MA VIE;2014;KEVIN MACDONALD;40431
LA CREME DE LA CREME;2014;KIM CHAPIRON;352421
THE SALVATION;2014;KRISTIAN LEVRING;232254
NYMPHOMANIAC - VOLUME 1;2014;LARS VON TRIER;215680
NYMPHOMANIAC - VOLUME 2;2014;LARS VON TRIER;162388
LES RECETTES DU BONHEUR;2014;LASSE HALLSTROM;410192
RETOUR A ITHAQUE;2014;LAURENT CANTET;141728
LES VACANCES DU PETIT NICOLAS;2014;LAURENT TIRARD;5297887
MAESTRO;2014;LEA FAZER;483466
LE CROCODILE DU BOTSWANGA;2014;LIONEL STEKETEE;2580673
UNE RENCONTRE;2014;LISA AZUELOS;1026172
MADEMOISELLE JULIE;2014;LIV ULLMANN;48857
ASTERIX - LE DOMAINE DES DIEUX;2014;LOUIS CLICHY;6685086
LUCY;2014;LUC BESSON;11656350
DEUX JOURS, UNE NUIT;2014;LUC DARDENNE;1195376
PAS SON GENRE;2014;LUCAS BELVAUX;739909
FIDELIO, L'ODYSEE D'ALICE;2014;LUCIE BORLETEAU;136537
L'ORANAIS;2014;LYES SALEM;80912
SITUATION AMOUREUSE : C'EST COMPLIQUE;2014;MANU PAYET;740137
BENOIT BRISEFER : LES TAXIS ROUGES;2014;MANUEL PRADAL;315279
LA RITOURNELLE;2014;MARC FITOUSSI;718066
THE AMAZING SPIDER-MAN : LE DESTIN D'UN HEROS;2014;MARC WEBB;4688318
PARTY GIRL;2014;MARIE AMACHOUKELI;441651
LES HERITIERS;2014;MARIE-CASTILLE MENTION-SCHAAR;1381107
DARK TOUCH;2014;MARINA DE VAN;55567
VAMPIRE ACADEMY : BLOOD SISTERS;2014;MARK WATERS;160355
JACK ET LA MECANIQUE DU COEUR;2014;MATHIAS MALZIEU;1006759
THE BABY;2014;MATT BETTINELLI-OLPIN;392333
LA PLANETE DES SINGES : L'AFFRONTEMENT;2014;MATT REEVES;7826480
PRIDE;2014;MATTHEW WARCHUS;524626
UN ILLUSTRE INCONNU;2014;MATTHIEU DELAPORTE;239961
3 DAYS TO KILL;2014;MCG.;655675
RESPIRE;2014;MELANIE LAURENT;480227
JAMAIS LE PREMIER SOIR;2014;MELISSA DRIGEARD;1765269
EDEN;2014;MIA HANSEN-LOVE;127218
TRANSFORMERS : L'AGE DE L'EXTINCTION;2014;MICHAEL BAY;4856259
SECRET D'ETAT;2014;MICHAEL CUESTA;303310
QUAND VIENT LA NUIT;2014;MICHAEL R. ROSKAM;224209
THE SEARCH;2014;MICHEL HAZANAVICIUS;162714
SON EPOUSE;2014;MICHEL SPINOSA;49481
MR. TURNER;2014;MIKE LEIGH;724388
LES GAZELLES;2014;MONA ACHACHE;658776
L'INSTITUTRICE;2014;NADAV LAPID;153356
STILL THE WATER;2014;NAOMI KAWASE;249700
BIG BAD WOLVES;2014;NAVOT PAPUSHADO;58820
DIVERGENTE;2014;NEIL BURGER;3230866
NATURE;2014;NEIL NIGHTINGALE;335902
NOS PIRES VOISINS;2014;NICHOLAS STOLLER;1605487
TRIPLE ALLIANCE;2014;NICK CASSAVETES;1764552
BABYSITTING;2014;NICOLAS BENAMOU;5146991
DES LENDEMAINS QUI CHANTENT;2014;NICOLAS CASTRO;203259
PRET A TOUT;2014;NICOLAS CUCHE;882257
UN BEAU DIMANCHE;2014;NICOLE GARCIA;691471
DE TOUTES NOS FORCES;2014;NILS TAVERNIER;1453414
300 : LA NAISSANCE D'UN EMPIRE;2014;NOAM MURRO;2721544
WINTER SLEEP;2014;NURI BILGE CEYLAN;748174
SILS MARIA;2014;OLIVIER ASSAYAS;520422
ON A MARCHE SUR BANGKOK;2014;OLIVIER BAROUX;872306
GRACE DE MONACO;2014;OLIVIER DAHAN;632691
DIVIN ENFANT;2014;OLIVIER DORAN;85636
SAMBA;2014;OLIVIER NAKACHE;6936541
DE GUERRE LASSE;2014;OLIVIER PANCHOT;63195
XENIA;2014;PANOS H. KOUTRAS;128375
LES OPPORTUNISTES;2014;PAOLO VIRZI;193598
FISTON;2014;PASCAL BOURDIAUX;4123014
DU GOUDRON ET DES PLUMES;2014;PASCAL RABATE;115693
BIRD PEOPLE;2014;PASCALE FERRAN;307799
UNE PROMESSE;2014;PATRICE LECONTE;243517
EXPENDABLES 3;2014;PATRICK HUGHES;2315950
NATURE;2014;PATRICK MORRIS;335902
POMPEI;2014;PAUL ANDERSON;1582637
PUZZLE;2014;PAUL HAGGIS;154251
PADDINGTON;2014;PAUL KING;6309029
IDA;2014;PAWEL PAWLIKOWSKI;1170318
CLOCHETTE ET LA FEE PIRATE;2014;PEGGY HOLMES;2255573
DU SANG ET DES LARMES;2014;PETER BERG;504798
DUMB & DUMBER DE;2014;PETER FARRELLY;669133
LE HOBBIT : LA BATAILLE DES CINQ ARMEES;2014;PETER JACKSON;8980360
OPERATION CASSE-NOISETTE;2014;PETER LEPENIOTIS;2706667
MATCH RETOUR (PETER SEGAL);2014;PETER SEGAL;288710
22 JUMP STREET;2014;PHIL LORD;1198561
LA GRANDE AVENTURE LEGO;2014;PHIL LORD;3313696
QU'EST-CE QU'ON A FAIT AU BON DIEU ?;2014;PHILIPPE DE CHAUVERON;26908059
BABYSITTING;2014;PHILIPPE LACHEAU;5146991
LE PROMENEUR D'OISEAU;2014;PHILIPPE MUYL;303100
THE GIVER LE PASSEUR;2014;PHILLIP NOYCE;588167
DANS LA COUR;2014;PIERRE SALVADORI;818959
REPAS DE FAMILLE;2014;PIERRE-HENRY SALFATI;587044
SI JE RESTE;2014;R.J. CUTLER;210684
LA VOIE DE L'ENNEMI;2014;RACHID BOUCHAREB;87204
N'IMPORTE QUI;2014;RAPHAEL FRYDMAN;296070
DE LA NEIGE POUR NOEL;2014;RASMUS A. SIVERTSEN;343116
DEEPSEA CHALLENGE 3D, L'AVENTURE D'UNE VIE;2014;RAY QUINT;17471
LE TEMPS DES AVEUX;2014;REGIS WARGNIER;156761
TARZAN (2014);2014;REINHARD KLOOSS;805869
LE PARFUM DE LA CAROTTE;2014;REMI DURIN;307657
JEUX INTERDITS (REP 2014);2014;RENE CLEMENT;37592
LA LEGENDE D'HERCULE;2014;RENNY HARLIN;527576
CANAILLES CONNECTION;2014;RESHEF LEVY;11259
JACKY AU ROYAUME DES FILLES;2014;RIAD SATTOUF;251460
BOYHOOD;2014;RICHARD LINKLATER;589634
M. PEABODY ET SHERMAN LES VOYAGES DANS LE TEMPS;2014;ROB MINKOFF;2978546
AU FIL D'ARIANE;2014;ROBERT GUEDIGUIAN;272412
MALEFIQUE;2014;ROBERT STROMBERG;4242674
PLANES 2;2014;ROBERTS GANNAWAY;2278206
SITUATION AMOUREUSE : C'EST COMPLIQUE;2014;RODOLPHE LAUGA;740137
THE NOVEMBER MAN;2014;ROGER DONALDSON;350824
UN WEEK-END A PARIS;2014;ROGER MICHELL;213532
LE PROCES DE VIVIANE AMSALEM;2014;RONIT ELKABETZ;256186
BODYBUILDER;2014;ROSCHDY ZEM;131528
AVIS DE MISTRAL;2014;ROSELYNE BOSCH;1041473
AVANT D'ALLER DORMIR;2014;ROWAN JOFFE;409920
FRUITVALE STATION;2014;RYAN COOGLER;81116
PARTY GIRL;2014;SAMUEL THEIS;441651
LE GRAND HOMME;2014;SARAH LEONOR;28364
LES BRASIERS DE LA COLERE;2014;SCOTT COOPER;379550
DELIVRE-NOUS DU MAL;2014;SCOTT DERRICKSON;812994
NEED FOR SPEED;2014;SCOTT WAUGH;993614
COMMENT TUER SON BOSS 2 ?;2014;SEAN ANDERS;600914
GLORIA;2014;SEBASTIAN LELIO;273048
MAINTENANT OU JAMAIS;2014;SERGE FRYDMAN;335572
LE SEPTIEME FILS;2014;SERGEY BODROV;928296
ALBERT A L'OUEST;2014;SETH MACFARLANE;567212
LE PROCES DE VIVIANE AMSALEM;2014;SHLOMI ELKABETZ;256186
LES PINGOUINS DE MADAGASCAR;2014;SIMON J. SMITH;5076258
LULU FEMME NUE;2014;SOLVEIG ANSPACH;1055816
ARRETE OU JE CONTINUE;2014;SOPHIE FILLIERES;144253
HER;2014;SPIKE JONZE;1037647
OLDBOY;2014;SPIKE LEE;55155
PANIQUE CHEZ LES JOUETS;2014;STEPHANE AUBIER;112985
JACK ET LA MECANIQUE DU COEUR;2014;STEPHANE BERLA;1006759
TERRE BATTUE;2014;STEPHANE DEMOUSTIER;48127
CARICATURISTES, FANTASSINS DE LA DEMOCRATIE;2014;STEPHANIE VALLOATTO;64123
FAVELAS;2014;STEPHEN DALDRY;285848
PHILOMENA;2014;STEPHEN FREARS;1603265
12 YEARS A SLAVE;2014;STEVE MCQUEEN.;3496874
BLACKOUT TOTAL;2014;STEVEN BRILL;230328
BLACK STORM;2014;STEVEN QUALE;745377
I, FRANKENSTEIN;2014;STUART BEATTIE;614221
SERENA;2014;SUSANNE BIER;181239
PAPA WAS NOT A ROLLING STONE;2014;SYLVIE OHAYON;151039
GET ON UP;2014;TATE TAYLOR;287993
ZERO THEOREM;2014;TERRY GILLIAM;171296
LES COMBATTANTS;2014;THOMAS CAILLEY;946980
HIPPOCRATE;2014;THOMAS LILTI;2032041
FASTLIFE;2014;THOMAS NGIJOL;756798
MINUSCULE LA VALLEE DES FOURMIS PERDUES;2014;THOMAS SZABO;3239061
GISELLE;2014;TOA FRASER;18947
LE CHANT DE LA MER;2014;TOMM MOORE;702244
TU VEUX OU TU VEUX PAS;2014;TONIE MARSHALL;2390306
GERONIMO;2014;TONY GATLIF;165036
SEXY DANCE 5 - ALL IN VEGAS;2014;TRISH SIE;1829400
DETECTIVE DEE II;2014;TSUI HARK;233764
THE BABY;2014;TYLER GILLETT;392333
COLDWATER;2014;VINCENT GRASHAW;119560
TRISTESSE CLUB;2014;VINCENT MARIETTE;113042
PANIQUE CHEZ LES JOUETS;2014;VINCENT PATAR;112985
DIPLOMATIE;2014;VOLKER SCHLONDORFF;961430
TRANSCENDANCE;2014;WALLY PFISTER;1691907
THE GRAND BUDAPEST HOTEL;2014;WES ANDERSON;3148992
LE LABYRINTHE;2014;WES BALL;6696233
LE SEL DE LA TERRE;2014;WIM WENDERS;787168
MAGIC IN THE MOONLIGHT;2014;WOODY ALLEN;2370273
MOMMY;2014;XAVIER DOLAN;2685909
TOM A LA FERME;2014;XAVIER DOLAN;293121
'71;2014;YANN DEMANGE;133694
PIEGE;2014;YANNICK SAILLET;47632
LE ROLE DE MA VIE;2014;ZACH BRAFF;220093
LE CARNAVAL DE LA PETITE TAUPE;2014;ZDENEK MILER;115760
COMING HOME;2014;ZHANG YIMOU;105164
THE BIG SHORT : LE CASSE DU SIECLE;2015;ADAM MCKAY;2041510
PHANTOM BOY;2015;ALAIN GAGNOL;339913
LES JARDINS DU ROI;2015;ALAN RICKMAN;335452
TERMINATOR : GENISYS;2015;ALAN TAYLOR;2484482
AU ROYAUME DES SINGES;2015;ALASTAIR FOTHERGILL;215947
LA ISLA MINIMA;2015;ALBERTO RODRIGUEZ;772916
REGRESSION;2015;ALEJANDRO AMENABAR;359433
BIRDMAN;2015;ALEJANDRO GONZALEZ INARRITU;1440982
HITMAN : AGENT 47;2015;ALEKSANDER BACH;1542231
EX_MACHINA;2015;ALEX GARLAND;161300
LE TALENT DE MES AMIS;2015;ALEX LUTZ;229281
LE GRAND PARTAGE;2015;ALEXANDRA LECLERE;2793964
MUNE : LE GARDIEN DE LA LUNE;2015;ALEXANDRE HEBOYAN;1285124
LA GRANDE AVENTURE DE MAYA L'ABEILLE;2015;ALEXS STADERMANN;2327916
PREMONITIONS;2015;ALFONSO POYART;2177814
ANINA;2015;ALFREDO SODERGUIT;148217
LES BETISES;2015;ALICE PHILIPPON;155188
LES MERVEILLES;2015;ALICE ROHRWACHER;327050
MARYLAND;2015;ALICE WINOCOUR;165649
LE DERNIER COUP DE MARTEAU;2015;ALIX DELAPORTE;266520
GOOD KILL;2015;ANDREW NICCOL;222998
JUPITER : LE DESTIN DE L'UNIVERS;2015;ANDY WACHOWSKI;1732780
INVINCIBLE;2015;ANGELINA JOLIE;1537174
VUE SUR MER;2015;ANGELINA JOLIE;38908
UNE SECONDE MERE;2015;ANNA MUYLAERT;383208
ANGE ET GABRIELLE;2015;ANNE GIAFFERI;1441911
ROBIN DES BOIS, LA VERITABLE HISTOIRE;2015;ANTHONY MARCIANO;1249456
LA RAGE AU VENTRE;2015;ANTOINE FUQUA;1737885
NEIGE ET LES ARBRES MAGIQUES;2015;ANTOINE LANCIEUX;280357
LIFE (2015);2015;ANTON CORBIJN;141716
CEMETERY OF SPLENDOUR;2015;APICHATPONG WEERASETHAKUL;97480
PARTISAN;2015;ARIEL KLEIMAN;35445
TROIS SOUVENIRS DE MA JEUNESSE;2015;ARNAUD DESPLECHIN;551808
21 NUITS AVEC PATTIE;2015;ARNAUD LARRIEU;788843
ARNAUD FAIT SON 2E FILM;2015;ARNAUD VIARD;22137
LES NOUVELLES AVENTURES D'ALADIN;2015;ARTHUR BENZAQUEN;10348268
CAPTIVES;2015;ATOM EGOYAN;216910
SELMA;2015;AVA DUVERNAY;1201723
EVEREST;2015;BALTASAR KORMAKUR;2123891
AMNESIA;2015;BARBET SCHROEDER;168268
JE SUIS A VOUS TOUT DE SUITE;2015;BAYA KASMI;269289
ANTIGANG;2015;BENJAMIN ROCHER;925919
FOXCATCHER;2015;BENNETT MILLER;364295
NEIGE ET LES ARBRES MAGIQUES;2015;BENOIT CHIEUX;280357
JOURNAL D'UNE FEMME DE CHAMBRE;2015;BENOIT JACQUOT;794001
MUNE : LE GARDIEN DE LA LUNE;2015;BENOIT PHILIPPON;1285124
LOVE & MERCY;2015;BILL POHLAD;232512
A LA POURSUITE DE DEMAIN;2015;BRAD BIRD;2067239
SAN ANDREAS;2015;BRAD PEYTON;2611686
LE DERNIER CHASSEUR DE SORCIERES;2015;BRECK EISNER;1319250
L'ART DE LA FUGUE;2015;BRICE CAUVIN;253912
L'ASTRAGALE;2015;BRIGITTE SY;130115
COMME UN AVION;2015;BRUNO PODALYDES;1182141
LE TRANSPORTEUR - HERITAGE;2015;CAMILLE DELAMARRE;1401905
LA BELLE SAISON;2015;CATHERINE CORSINI;690437
NEIGE ET LES ARBRES MAGIQUES;2015;CHAITANE CONVERSAT;280357
QUI C'EST LES PLUS FORTS;2015;CHARLOTTE DE TURCKHEIM;436007
LES CHANSONS QUE MES FRERES M'ONT APPRISES;2015;CHLOE ZHAO;175338
PIXELS;2015;CHRIS COLUMBUS;1467331
GALLOWS;2015;CHRIS LOFING;256198
LES NOUVEAUX HEROS;2015;CHRIS WILLIAMS;3732362
EN MAI FAIS CE QU'IL TE PLAIT;2015;CHRISTIAN CARION;545840
GUS PETIT OISEAU, GRAND VOYAGE;2015;CHRISTIAN DE VITA;641099
AVRIL ET LE MONDE TRUQUE;2015;CHRISTIAN DESMARES;329341
BELLE ET SEBASTIEN, L'AVENTURE CONTINUE...;2015;CHRISTIAN DUGUAY;4210104
PHOENIX;2015;CHRISTIAN PETZOLD;454051
L'HERMINE;2015;CHRISTIAN VINCENT;2358696
UNE MERE;2015;CHRISTINE CARRIERE;87893
LA VOLANTE;2015;CHRISTOPHE ALI;300662
ENFANCES NOMADES;2015;CHRISTOPHE BOULA;666
DISPARUE EN HIVER;2015;CHRISTOPHE LAMOTTE;101146
MISSION : IMPOSSIBLE ROGUE NATION;2015;CHRISTOPHER MCQUARRIE;6279311
SINISTER II;2015;CLARAN FOY;753849
UN + UNE;2015;CLAUDE LELOUCH;2200401
NI LE CIEL NI LA TERRE;2015;CLEMENT COGITORE;89615
AMERICAN SNIPER;2015;CLINT EASTWOOD;7327070
UN PEU BEAUCOUP AVEUGLEMENT;2015;CLOVIS CORNILLAC;1260977
LE CHATEAU DE SABLE;2015;CO HOEDEMAN;59582
JURASSIC WORLD;2015;COLIN TREVORROW;11554831
DEMAIN;2015;CYRIL DION;2583580
LES NOUVEAUX SAUVAGES;2015;DAMIAN SZIFRON;1205049
CAKE;2015;DANIEL BARNZ;76132
TRACERS;2015;DANIEL BENMAYOR;295687
ENFANT 44;2015;DANIEL ESPINOSA;248601
LAZARUS EFFECT;2015;DAVID GELB;447603
MANGLEHORN;2015;DAVID GORDON GREEN;55151
CHARLIE MORTDECAI;2015;DAVID KOEPP;454337
LOIN DES HOMMES;2015;DAVID OELHOFFEN;270458
IT FOLLOWS;2015;DAVID ROBERT MITCHELL;298112
PROJET ALMANAC;2015;DEAN ISRAELITE;486477
EN EQUILIBRE;2015;DENIS DERCOURT;1278256
SICARIO;2015;DENIS VILLENEUVE;1065170
MUSTANG;2015;DENIZ GAMZE ERGUVEN;1341213
UN FRANCAIS;2015;DIASTEME;143313
FESTIVAL CINEMA TELERAMA (2015);2015;DIVERS;591650
BIS;2015;DOMINIQUE FARRUGIA;3436201
LES NOUVEAUX HEROS;2015;DON HALL;3732362
ENTOURAGE;2015;DOUG ELLIN;89518
LE PRODIGE;2015;EDWARD ZWICK;182851
KNOCK KNOCK;2015;ELI ROTH;291427
LES ANARCHISTES;2015;ELIE WAJEMAN;119495
PITCH PERFECT 2;2015;ELIZABETH BANKS;638678
CONNASSE, PRINCESSE DES COEURS;2015;ELOISE LANG;2815118
L'ECHAPPEE BELLE;2015;EMILIE CHERPITEL;55247
UN DEBUT PROMETTEUR;2015;EMMA LUCHINI;196414
CAPRICE;2015;EMMANUEL MOURET;286788
LA TETE HAUTE;2015;EMMANUELLE BERCOT;1656342
MON FILS;2015;ERAN RIKLIS;191277
LE GOUT DES MERVEILLES;2015;ERIC BESNARD;606805
ENRAGES;2015;ERIC HANNEZO;120453
L'EPREUVE;2015;ERIK POPPE;165955
LES FABLES DE MONSIEUR RENARD;2015;EVAN DERUSHIE;134156
L'INTERVIEW QUI TUE !;2015;EVAN GOLDBERG;81757
N.W.A STRAIGHT OUTTA COMPTON;2015;F. GARY GRAY;1304142
LES FABLES DE MONSIEUR RENARD;2015;FATEMEH GOUDARZI;134156
THE CUT LA BLESSURE;2015;FATIH AKIN;133575
HUNGER GAMES - LA REVOLTE PARTIE 2;2015;FRANCIS LAWRENCE;6315281
AVRIL ET LE MONDE TRUQUE;2015;FRANCK EKINCI;329341
BOOMERANG;2015;FRANCOIS FAVRAT;734185
LA RESISTANCE DE L'AIR;2015;FRED GRIVOIS;59715
L'AFFAIRE SK1;2015;FREDERIC TELLIER;876250
LE GARCON INVISIBLE;2015;GABRIELE SALVATORES;21205
HOTEL TRANSYLVANIE 2;2015;GENNDY TARTAKOVSKY;5304375
MAD MAX : FURY ROAD;2015;GEORGE MILLER;5351448
POLTERGEIST;2015;GIL KENAN;676246
L'ODEUR DE LA MANDARINE;2015;GILLES LEGRAND;298128
DARK PLACES;2015;GILLES PAQUET-BRENNER;554914
LE PETIT MONDE DE LEO;2015;GIULIO GIANINI;293033
LE LABYRINTHE DU SILENCE;2015;GIULIO RICCIARELLI;799276
DIVERSION;2015;GLENN FICARRA;1943148
MAGIC MIKE XXL;2015;GREGORY JACOBS;461320
PYRAMIDE;2015;GREGORY LEVASSEUR;601113
PARANORMAL ACTIVITY 5 THE GHOST DIMENSION;2015;GREGORY PLOTKIN;1233002
BELIERS;2015;GRIMUR HAKONARSON;315154
VALLEY OF LOVE;2015;GUILLAUME NICLOUX;466441
CRIMSON PEAK;2015;GUILLERMO DEL TORO;672306
AGENTS TRES SPECIAUX - CODE U.N.C.L.E.;2015;GUY RITCHIE;852058
LES MOOMINS SUR LA RIVIERA;2015;HANNA HEMILA;77344
MAGGIE;2015;HENRY HOBSON;242029
NOTRE PETITE SOEUR;2015;HIROKAZU KORE-EDA;371916
SOUVENIRS DE MARNIE;2015;HIROMASA YONEBAYASHI;325631
MY OLD LADY;2015;ISRAEL HOROVITZ;341149
L'ETUDIANTE ET MONSIEUR HENRI;2015;IVAN CALBERAC;1306423
A MOST VIOLENT YEAR;2015;J.C. CHANDOR;803270
LE TOUT NOUVEAU TESTAMENT;2015;JACO VAN DORMAEL;1972895
DHEEPAN;2015;JACQUES AUDIARD;1557882
AVRIL ET LE MONDE TRUQUE;2015;JACQUES TARDI;329341
TAXI TEHERAN;2015;JAFAR PANAHI;1428235
LA FACE CACHEE DE MARGO;2015;JAKE SCHREIER;1229073
POURQUOI J'AI PAS MANGE MON PERE;2015;JAMEL DEBBOUZE;2778953
MEMOIRES DE JEUNESSE;2015;JAMES KENT;144227
UNE MERVEILLEUSE HISTOIRE DU TEMPS;2015;JAMES MARSH;532322
FAST & FURIOUS 7;2015;JAMES WAN;10056891
NIGHT RUN;2015;JAUME COLLET-SERRA;1140048
IXCANUL - VOLCAN;2015;JAYRO BUSTAMANTE;192910
UN MOMENT D'EGAREMENT;2015;JEAN-FRANCOIS RICHET;2015278
LE DERNIER LOUP;2015;JEAN-JACQUES ANNAUD;2842212
PHANTOM BOY;2015;JEAN-LOUP FELICIOLI;339913
WILD;2015;JEAN-MARC VALLEE;258120
21 NUITS AVEC PATTIE;2015;JEAN-MARIE LARRIEU;788843
SOUS X;2015;JEAN-MICHEL CORREIA;71776
BELLES FAMILLES;2015;JEAN-PAUL RAPPENEAU;1242419
LES SOUVENIRS;2015;JEAN-PAUL ROUVE;2434989
UNE FAMILLE A LOUER;2015;JEAN-PIERRE AMERIS;1801813
STAR WARS : EPISODE 7, LE REVEIL DE LA FORCE;2015;JEFFREY ABRAMS;22157106
A TROIS ON Y VA;2015;JEROME BONNELL;262703
CHIC !;2015;JEROME CORNUAU;160729
CERISE;2015;JEROME ENRICO;169056
PREMIERS CRUS;2015;JEROME LE MAIRE;798114
AU-DELA DES MONTAGNES;2015;JIA ZHANG KE;678775
COLD IN JULY;2015;JIM MICKLE;195755
BACK HOME;2015;JOACHIM TRIER;251339
LA DAME DANS L'AUTO AVEC DES LUNETTES ET UN FUSIL;2015;JOANN SFAR;205403
PAN;2015;JOE WRIGHT;1671516
QUEEN AND COUNTRY;2015;JOHN BOORMAN;188733
NO ESCAPE;2015;JOHN ERICK DOWDLE;435267
VIVE LES VACANCES;2015;JOHN FRANCIS DALEY;644487
INDIAN PALACE - SUITE ROYALE;2015;JOHN MADDEN;351061
DIVERSION;2015;JOHN REQUA;1943148
A VIF !;2015;JOHN WELLS;947141
RICKI AND THE FLASH;2015;JONATHAN DEMME;213463
VIVE LES VACANCES;2015;JONATHAN M. GOLDSTEIN;644487
LES 4 FANTASTIQUES;2015;JOSH TRANK;2568894
AVENGERS, L'ERE D'ULTRON;2015;JOSS WHEDON;9435859
CRAZY AMY;2015;JUDD APATOW;137719
LOLO;2015;JULIE DELPY;2141832
MACBETH;2015;JUSTIN KURZEL;228789
LES CHEVALIERS DU ZODIAQUE - LA LEGENDE DU SANCTUAIRE;2015;KEIICHI SATO;599274
CENDRILLON;2015;KENNETH BRANAGH;3868833
NOUS TROIS OU RIEN;2015;KHEIRON;1527862
HARD DAY;2015;KIM SEONG-HUN;65624
VERS L'AUTRE RIVE;2015;KIYOSHI KUROSAWA;196443
LES MINIONS;2015;KYLE BALDA;14288287
JUPITER : LE DESTIN DE L'UNIVERS;2015;LANA WACHOWSKI;1732780
LE FILS DE SAUL;2015;LASZLO NEMES;484027
LES ROIS DU MONDE;2015;LAURENT LAFFARGUE;26082
JE SUIS UN SOLDAT;2015;LAURENT LARIVIERE;64080
LE COMBAT ORDINAIRE;2015;LAURENT TUEL;91107
INSIDIOUS : CHAPITRE 3;2015;LEIGH WHANNELL;926683
LES FABLES DE MONSIEUR RENARD;2015;LENA VON DOHREN;134156
JAMAIS ENTRE AMIS;2015;LESLYE HEADLAND;205205
UNFRIENDED;2015;LEVAN GABRIADZE;699959
A PEINE J'OUVRE LES YEUX;2015;LEYLA BOUZID;231607
LES FABLES DE MONSIEUR RENARD;2015;LISA MATUSZAK;134156
THE RIOT CLUB;2015;LONE SCHERFIG;140515
LES NOUVELLES AVENTURES DE GROS-POIS & PETIT-POINT;2015;LOTTA GEFFENBLAD;105324
LES DEUX AMIS;2015;LOUIS GARREL;214939
DISCOUNT;2015;LOUIS-JULIEN PETIT;649809
LA GLACE ET LE CIEL;2015;LUC JACQUET;168121
COPS LES FORCES DU DESORDRE;2015;LUKE GREENFIELD;429375
GIRLS ONLY;2015;LYNN SHELTON;289040
THE VISIT;2015;M. NIGHT SHYAMALAN;920541
MON ROI;2015;MAIWENN LE BESCO;1749022
LES CHAISES MUSICALES;2015;MARIE BELHOMME;142722
LES NUITS D'ETE;2015;MARIO FANFANI;51904
THE VOICES;2015;MARJANE SATRAPI;739800
SHAUN LE MOUTON;2015;MARK BURTON;2279969
AU ROYAUME DES SINGES;2015;MARK LINFIELD;215947
LES DOSSIERS SECRETS DU VATICAN;2015;MARK NEVELDINE;330229
LE PETIT PRINCE;2015;MARK OSBORNE;4463766
PAPA OU MAMAN;2015;MARTIN BOURBOULON;6742538
CROSSWIND - LA CROISEE DES VENTS;2015;MARTTI HELDE;132780
LA VIE EN GRAND;2015;MATHIEU VADEPIED;238982
TALE OF TALES;2015;MATTEO GARRONE;285177
KINGSMAN : SERVICES SECRETS;2015;MATTHEW VAUGHN;3606516
WE ARE YOUR FRIENDS;2015;MAX JOSEPH;292954
TOUTE PREMIERE FOIS;2015;MAXIME GOVARE;992147
DADDY COOL (2015);2015;MAYA FORBES;131209
DEMAIN;2015;MELANIE LAURENT;2583580
HACKER;2015;MICHAEL MANN;342216
CHRONIC;2015;MICHEL FRANCO;26867
MICROBE ET GASOIL;2015;MICHEL GONDRY;231353
LA VIE TRES PRIVEE DE MONSIEUR SIM;2015;MICHEL LECLERC;626975
LES MILLE ET UNE NUITS, VOLUME 1 : L'INQUIET;2015;MIGUEL GOMES;133921
LES MILLE ET UNE NUITS, VOLUME 3 : L'ENCHANTE;2015;MIGUEL GOMES;17824
LES ENQUETES DU DEPARTEMENT V : PROFANATION;2015;MIKKEL NORGAARD;122746
LE MONDE DE NATHAN;2015;MORGAN MATTHEWS;100094
IMITATION GAME;2015;MORTEN TYLDUM;2440810
MUCH LOVED;2015;NABIL AYOUCH;663025
LE NOUVEAU STAGIAIRE;2015;NANCY MEYERS;1016152
MIA MADRE;2015;NANNI MORETTI;1085544
DES APACHES;2015;NASSIM AMAOUCHE;54654
CHAPPIE;2015;NEILL BLOMKAMP;1361603
BABYSITTING 2;2015;NICOLAS BENAMOU;7498528
LA VOLANTE;2015;NICOLAS BONILAURI;300662
LE GRAND JEU;2015;NICOLAS PARISER;250437
TAJ MAHAL;2015;NICOLAS SAADA;70311
AMERICAN ULTRA;2015;NIMA NOURIZADEH;844028
WHILE WE'RE YOUNG;2015;NOAH BAUMBACH;424864
CONNASSE, PRINCESSE DES COEURS;2015;NOEMIE SAGLIO;2815118
TOUTE PREMIERE FOIS;2015;NOEMIE SAGLIO;992147
ELSER, UN HEROS ORDINAIRE;2015;OLIVER HIRSCHBIEGEL;99330
ENTRE AMIS;2015;OLIVIER BAROUX;1701341
LES CHATEAUX DE SABLE;2015;OLIVIER JAHAN;185343
TAKEN 3;2015;OLIVIER MEGATON;6016401
COMMENT C'EST LOIN;2015;ORELSAN;583988
KILL YOUR FRIENDS;2015;OWEN HARRIS;40784
EL CLUB;2015;PABLO LARRAIN;92872
YOUTH;2015;PAOLO SORRENTINO;954272
CONTES ITALIENS;2015;PAOLO TAVIANI;72188
108 ROIS-DEMONS;2015;PASCAL MORELLI;114027
LE GRAND JOUR;2015;PASCAL PLISSON;272206
VALENTIN VALENTIN;2015;PASCAL THOMAS;107736
LA DERNIERE LECON;2015;PASCALE POUZADOUX;619831
UNE HEURE DE TRANQUILLITE;2015;PATRICE LECONTE;2429327
LE BOUTON DE NACRE;2015;PATRICIO GUZMAN;202496
SPY;2015;PAUL FEIG;1763916
A LOVE YOU;2015;PAUL LEFEVRE;65451
DOCTEUR FRANKENSTEIN;2015;PAUL MCGUIGAN;387325
INHERENT VICE;2015;PAUL THOMAS ANDERSON;308216
BOB L'EPONGE - LE FILM UN HEROS SORT DE L'EAU;2015;PAUL TIBBITT;2877247
BROADWAY THERAPY;2015;PETER BOGDANOVICH;368649
VICE-VERSA;2015;PETER DOCTER;9834680
QUE VIVA EISENSTEIN !;2015;PETER GREENAWAY;45675
LE VOYAGE D'ARLO;2015;PETER SOHN;5816663
ANT-MAN;2015;PEYTON REED;3847584
UNE ENFANCE;2015;PHILIPPE CLAUDEL;59858
FATIMA;2015;PHILIPPE FAUCON;904870
L'OMBRE DES FEMMES;2015;PHILIPPE GARREL;181627
ON VOULAIT TOUT CASSER;2015;PHILIPPE GUILLARD;475872
BABYSITTING 2;2015;PHILIPPE LACHEAU;7498528
FLORIDE;2015;PHILIPPE LE GUAY;1000644
FOU D'AMOUR;2015;PHILIPPE RAMOS;51378
LES MINIONS;2015;PIERRE COFFIN;14288287
JAMAIS DE LA VIE;2015;PIERRE JOLIVET;240738
GUNMAN;2015;PIERRE MOREL;345206
LES PROFS 2;2015;PIERRE-FRANCOIS MARTIN LAVAL;8175040
REALITE;2015;QUENTIN DUPIEUX;192761
COUP DE CHAUD;2015;RAPHAEL JACOULOT;194036
NOS FUTURS;2015;REMI BEZANCON;433636
NOS FEMMES;2015;RICHARD BERRY;1014603
STILL ALICE;2015;RICHARD GLATZER;347080
SHAUN LE MOUTON;2015;RICHARD GOLESZOWSKI;2279969
DOPE;2015;RICK FAMUYIWA;94812
SEUL SUR MARS;2015;RIDLEY SCOTT;5823820
UN VOISIN TROP PARFAIT;2015;ROB COHEN;143042
INTO THE WOODS, PROMENONS-NOUS DANS LES BOIS;2015;ROB MARSHALL;479058
UNE HISTOIRE DE FOU;2015;ROBERT GUEDIGUIAN;199903
DIVERGENTE 2 : L'INSURRECTION;2015;ROBERT SCHWENTKE;5586476
THE WALK - REVER PLUS HAUT;2015;ROBERT ZEMECKIS;322120
LE PROPHETE;2015;ROGER ALLERS;88336
AU COEUR DE L'OCEAN;2015;RON HOWARD;630515
VICE-VERSA;2015;RONALDO DEL CARMEN;9834680
LES BETISES;2015;ROSE PHILIPPON;155188
UN PIGEON PERCHE SUR UNE BRANCHE PHILOSOPHAIT SUR L'EXISTENCE;2015;ROY ANDERSSON;89189
SNOW THERAPY;2015;RUBEN OSTLUND;407768
LE NOUVEAU;2015;RUDI ROSENBERG;898230
LA PROMESSE D'UNE VIE;2015;RUSSELL CROWE;217025
LOST RIVER;2015;RYAN GOSLING;358562
LES FABLES DE MONSIEUR RENARD;2015;SABRINA COTUGNO;134156
007 SPECTRE;2015;SAM MENDES;10890314
CINQUANTE NUANCES DE GREY;2015;SAM TAYLOR-JOHNSON;9030335
ASPHALTE;2015;SAMUEL BENCHETRIT;238783
LES SUFFRAGETTES;2015;SARAH GAVRON;522209
SUITE FRANCAISE;2015;SAUL DIBB;547718
HUNGRY HEARTS;2015;SAVERIO COSTANZO;71087
STRICTLY CRIMINAL;2015;SCOTT COOPER;752834
OUPS ! J'AI RATE L'ARCHE...;2015;SEAN MCCORMACK;1316272
VICTORIA (SEBASTIAN SCHIPPER);2015;SEBASTIAN SCHIPPER;205992
TED 2;2015;SETH MACFARLANE;2567995
L'INTERVIEW QUI TUE !;2015;SETH ROGEN;81757
LA NUIT AU MUSEE : LE SECRET DES PHARAONS;2015;SHAWN LEVY;3376709
LA FEMME AU TABLEAU;2015;SIMON CURTIS;815268
ADAMA;2015;SIMON ROUBY;166292
JOKER;2015;SIMON WEST;737505
MADAME BOVARY;2015;SOPHIE BARTHES;111684
NEIGE ET LES ARBRES MAGIQUES;2015;SOPHIE ROZE;280357
TOKYO FIANCEE;2015;STEFAN LIBERSKI;160062
L'AMOUR NE PARDONNE PAS;2015;STEFANO CONSIGLIO;30530
LA LOI DU MARCHE;2015;STEPHANE BRIZE;2393981
UN VILLAGE PRESQUE PARFAIT !;2015;STEPHANE MEUNIER;1074213
CHRISTINA NOBLE;2015;STEPHEN BRADLEY;85400
THE PROGRAM;2015;STEPHEN FREARS;233740
CLOCHETTE ET LA CREATURE LEGENDAIRE;2015;STEVE LOTER;1620179
SNOOPY ET LES PEANUTS - LE FILM;2015;STEVE MARTINO;1773548
LE PONT DES ESPIONS;2015;STEVEN SPIELBERG;2251845
OUIJA;2015;STILES WHITE;670111
LE PETIT HOMME;2015;SUDABEH MORTEZAI;16675
RENAISSANCES;2015;TARSEM SINGH;1014992
ABSOLUTELY ANYTHING;2015;TERRY JONES;243492
LES COWBOYS;2015;THOMAS BIDEGAIN;543550
VINCENT N'A PAS D'ECAILLES;2015;THOMAS SALVADOR;188194
LOIN DE LA FOULE DECHAINEE;2015;THOMAS VINTERBERG;285649
BIG EYES;2015;TIM BURTON;857524
EN ROUTE !;2015;TIM JOHNSON;2646775
OUPS ! J'AI RATE L'ARCHE...;2015;TOBY GENKEL;1316272
LA DAME EN NOIR 2 : L'ANGE DE LA MORT;2015;TOM HARPER;573227
GALLOWS;2015;TRAVIS CLUFF;256198
LES GORILLES;2015;TRISTAN AUROUET;344431
LA BATAILLE DE LA MONTAGNE DU TIGRE;2015;TSUI HARK;69383
NARUTO THE LAST;2015;TSUNEO KOBAYASHI;171276
UNE BELLE FIN;2015;UBERTO PASOLINI;315086
LA COURSE DU SIECLE;2015;UTE VON MUNCHOW-POHL;161660
LES NOUVELLES AVENTURES DE GROS-POIS & PETIT-POINT;2015;UZI GEFFENBLAD;105324
PETITES CASSEROLES;2015;UZI GEFFENBLAD;130802
MARGUERITE & JULIEN;2015;VALERIE DONZELLI;68595
L'ENQUETE;2015;VINCENT GARENQ;641094
CONTES ITALIENS;2015;VITTORIO TAVIANI;72188
STILL ALICE;2015;WASH WESTMORELAND;347080
LE LABYRINTHE : LA TERRE BRULEE;2015;WES BALL;7288330
ANNIE;2015;WILL GLUCK;308435
EVERY THING WILL BE FINE;2015;WIN WENDERS;169876
L'HOMME IRRATIONNEL;2015;WOODY ALLEN;2266769
LA RANCON DE LA GLOIRE;2015;XAVIER BEAUVOIS;126198
MARGUERITE;2015;XAVIER GIANNOLI;2528855
LES MOOMINS SUR LA RIVIERA;2015;XAVIER PICARD;77344
HUMAN;2015;YANN ARTHUS-BERTRAND;89746
UN HOMME IDEAL;2015;YANN GOZLAN;1542876
LAMB;2015;YARED ZELEKE;91736
LES FABLES DE MONSIEUR RENARD;2015;YAWEN ZHENG;134156
LA MAISON AU TOIT ROUGE;2015;YOJI YAMADA;148562
THE LOBSTER;2015;YORGOS LANTHIMOS;585135
NEIGE ET LES ARBRES MAGIQUES;2015;YULIA ARONOVA;280357
AU PLUS PRES DU SOLEIL;2015;YVES ANGELO;59648
VOYAGE EN CHINE;2015;ZOLTAN MAYER;556203
BLAIR WITCH;2016;ADAM WINGARD;513377
HEIDI;2016;ALAIN GSPONER;1729056
RESTER VERTICAL;2016;ALAIN GUIRAUDIE;183330
THE REVENANT;2016;ALEJANDRO GONZALEZ INARRITU;8840547
GODS OF EGYPT;2016;ALEX PROYAS;1050571
QUAND ON A 17 ANS;2016;ANDRE TECHINE;576267
45 ANS;2016;ANDREW HAIGH;526205
LE MONDE DE DORY;2016;ANDREW STANTON;7228358
PROMENONS-NOUS AVEC LES PETITS LOUPS;2016;ANNA LEVINSON;90313
LES INNOCENTES;2016;ANNE FONTAINE;1725895
DOFUS - LIVRE 1 : JULITH;2016;ANTHONY ROUX;203557
CAPTAIN AMERICA : CIVIL WAR;2016;ANTHONY RUSSO;6745108
MOONWALKERS;2016;ANTOINE BARDOU-JACQUET;42887
LES 7 MERCENAIRES;2016;ANTOINE FUQUA;1462020
LA LOI DE LA JUNGLE;2016;ANTONIN PERETJATKO;240895
DEGRADE;2016;ARAB NASSER;85686
NERVE;2016;ARIEL SCHULMAN;1851571
CRIMINAL UN ESPION DANS LA TETE;2016;ARIEL VROMEN;418004
PARIS-WILLOUBY;2016;ARTHUR DELAIRE;184882
DIAMANT NOIR;2016;ARTHUR HARARI;168279
REMEMBER;2016;ATOM EGOYAN;64939
LA TAULARDE;2016;AUDREY ESTROUGO;452832
LA CHUTE DE LONDRES;2016;BABAK NAJAFI;865525
IQBAL, L'ENFANT QUI N'AVAIT PAS PEUR;2016;BABAK PAYAMI;94727
MA VIE DE CHAT;2016;BARRY SONNENFELD;566648
LE PAPE FRANCOIS;2016;BEDA DOCAMPO FEIJOO;146956
ROBINSON CRUSOE;2016;BEN STASSEN;891236
ZOOLANDER 2;2016;BEN STILLER;131226
SAINT AMOUR;2016;BENOIT DELEPINE;1359144
ENCORE HEUREUX;2016;BENOIT GRAFFIN;910680
NOCTURAMA;2016;BERTRAND BONELLO;135418
MR. HOLMES;2016;BILL CONDON;159715
PROMENONS-NOUS AVEC LES PETITS LOUPS;2016;BORJA GUERRERO;90313
LES PREMIERS LES DERNIERS;2016;BOULI LANNERS;255846
INFILTRATOR;2016;BRAD FURMAN;588267
LEGEND;2016;BRIAN HELGELAND;408784
MA LOUTE;2016;BRUNO DUMONT;1396643
X-MEN : APOCALYPSE;2016;BRYAN SINGER;4849866
ZOOTOPIE;2016;BYRON HOWARD;10878753
MA MEILLEURE AMIE;2016;CATHERINE HARDWICKE;179329
LE CHASSEUR ET LA REINE DES GLACES;2016;CEDRIC NICOLAS-TROYAN;1895684
LA TERRE ET L'OMBRE;2016;CESAR AUGUSTO ACEVEDO;92009
TRUMAN;2016;CESC GAY;160591
ANOMALISA;2016;CHARLIE KAUFMAN;162185
COMME DES BETES;2016;CHRIS RENAUD;8222557
CELIBATAIRE, MODE D'EMPLOI;2016;CHRISTIAN DITTER;1043464
L'OUTSIDER;2016;CHRISTOPHE BARRATIER;691259
LES MALHEURS DE SOPHIE;2016;CHRISTOPHE HONORE;1236062
MA VIE DE COURGETTE;2016;CLAUDE BARRAS;452625
ANGRY BIRDS - LE FILM;2016;CLAY KAYTIS;1855980
LE SANCTUAIRE;2016;CORIN HARDY;83512
THE FINEST HOURS;2016;CRAIG GILLESPIE;145602
TOUT POUR ETRE HEUREUX;2016;CYRIL GELBLAT;784064
DIRTY PAPY;2016;DAN MAZER;545226
10 CLOVERFIELD LANE;2016;DAN TRACHTENBERG;1133872
MONSIEUR BOUT-DE-BOIS;2016;DANIEL SNADDON;133994
CEZANNE ET MOI;2016;DANIELE THOMPSON;1332466
STEVE JOBS;2016;DANNY BOYLE;389226
NINJA TURTLES 2;2016;DAVE GREEN;1827189
SUICIDE SQUAD;2016;DAVID AYER;5395402
LES NAUFRAGES;2016;DAVID CHARHON;241510
DANS LE NOIR;2016;DAVID F. SANDBERG;1706289
PETER ET ELLIOTT LE DRAGON;2016;DAVID LOWERY;1667886
COMANCHERIA;2016;DAVID MACKENZIE;600811
JOY;2016;DAVID O. RUSSELL;1191588
TARZAN;2016;DAVID YATES;3135761
VOIR DU PAYS;2016;DELPHINE COULIN;73251
VICKY;2016;DENIS IMBERT;168872
MECHANIC : RESURRECTION;2016;DENNIS GANSEL;1487771
UNE VIE ENTRE DEUX OCEANS;2016;DEREK CIANFRANCE;185857
EDDIE THE EAGLE;2016;DEXTER FLETCHER;183025
ARRETE TON CINEMA !;2016;DIANE KURYS;326040
JUILLET AOUT;2016;DIASTEME;171151
DES NOUVELLES DE LA PLANETE MARS;2016;DOMINIK MOLL;144358
CIGOGNES & COMPAGNIE;2016;DOUG SWEETLAND;1212300
ANOMALISA;2016;DUKE JOHNSON;162185
WARCRAFT : LE COMMENCEMENT;2016;DUNCAN JONES;3118254
AMIS PUBLICS;2016;EDOUARD PLUVIEUX;1811228
JACK REACHER : NEVER GO BACK;2016;EDWARD ZWICK;1196735
L'ORIGINE DE LA VIOLENCE;2016;ELIE CHOURAQUI;159725
MON MAITRE D'ECOLE;2016;EMILIE THEROND;310370
LA TOUR 2 CONTROLE INFERNALE;2016;ERIC JUDOR;882373
RETOUR CHEZ MA MERE;2016;ERIC LAVAINE;5357278
POINT BREAK;2016;ERICSON CORE;1208545
CHALA, UNE ENFANCE CUBAINE;2016;ERNESTO DARANAS;192522
AVE CESAR !;2016;ETHAN COEN;1620722
BANG GANG (UNE HISTOIRE D'AMOUR MODERNE);2016;EVA HUSSON;68373
LES ESPIEGLES;2016;EVALDS LACIS;145146
CAMPING 3;2016;FABIEN ONTENIENTE;7865121
GOOD LUCK ALGERIA;2016;FARID BENTOUMI;470889
DON'T BREATHE - LA MAISON DES TENEBRES;2016;FEDE ALVAREZ;652589
BELGICA;2016;FELIX VAN GROENINGEN;135017
ANGRY BIRDS - LE FILM;2016;FERGAL REILLY;1855980
A PERFECT DAY (UN JOUR COMME UN AUTRE);2016;FERNANDO LEON DE ARANOA;185283
PENSION COMPLETE;2016;FLORENT EMILIO SIRI;613610
COLONIA;2016;FLORIAN GALLENBERGER;321954
PATTAYA;2016;FRANCK GASTAMBIDE;4693823
ADOPTE UN VEUF;2016;FRANCOIS DESAGNAT;2642030
FRANTZ;2016;FRANCOIS OZON;1480079
TOUT SCHUSS;2016;FRANCOIS PREVOT-LEYGONIE;1273417
RADIN !;2016;FRED CAVAYE;6041087
L'IDEAL;2016;FREDERIC BEIGBEDER;408725
MOKA;2016;FREDERIC MERMOUD;501589
LE CONVOI;2016;FREDERIC SCHOENDOERFFER;330126
C'EST QUOI CETTE FAMILLE ?!;2016;GABRIEL JULIEN-LAFERRIERE;1825405
JOYEUSE FETE DES MERES;2016;GARRY MARSHALL;464050
FREE STATE OF JONES;2016;GARY ROSS;256225
JANE GOT A GUN;2016;GAVIN O'CONNOR;330705
LA GRANDE VADROUILLE (REP 2016);2016;GERARD OURY;111949
L'AIGLE ET L'ENFANT;2016;GERARDO OLIVARES;362946
FUOCOAMMARE, PAR DELA LAMPEDUSA;2016;GIANFRANCO ROSI;100283
ARRETEZ-MOI LA;2016;GILLES BANNIER;118053
LA FORET DE QUINCONCES;2016;GREGOIRE LEPRINCE-RINGUET;87808
NOS SOUVENIRS;2016;GUS VAN SANT;65813
SAINT AMOUR;2016;GUSTAVE KERVERN;1359144
NERVE;2016;HENRY JOOST;1851571
THE ASSASSIN;2016;HOU HSIAO-HSIEN;513636
DIVINES;2016;HOUDA BENYAMINA;785326
L'OLIVIER;2016;ICIAR BOLLAIN;65353
NAHID;2016;IDA PANAHANDEH;240432
FIVE;2016;IGOR GOTESMAN;1754837
HARDCORE HENRY;2016;ILYA NAISHULLER;127536
BROOKLYN VILLAGE;2016;IRA SACHS;283664
PROMENONS-NOUS AVEC LES PETITS LOUPS;2016;ISMAEL MON;90313
LA 5EME VAGUE;2016;J BLAKESON;2346650
LES SAISONS;2016;JACQUES CLUZAUD;2382843
LES SAISONS;2016;JACQUES PERRIN;2382843
HORS CONTROLE;2016;JAKE SZYMANSKI;495720
ALICE DE L'AUTRE COTE DU MIROIR;2016;JAMES BOBIN;3096944
AMERICAN NIGHTMARE 3 : ELECTIONS;2016;JAMES DEMONACO;1638964
BRICE 3;2016;JAMES HUTH;2695173
TRUTH : LE PRIX DE LA VERITE;2016;JAMES VANDERBILT;244277
CONJURING 2 - LE CAS ENFIELD;2016;JAMES WAN;3467858
PROMENONS-NOUS AVEC LES PETITS LOUPS;2016;JANG SEONG JI;90313
LES ESPIEGLES;2016;JANIS CIMERMANIS;145146
INSTINCT DE SURVIE (THE SHALLOWS);2016;JAUME COLLET-SERRA;1336997
DALTON TRUMBO;2016;JAY ROACH;339840
APNEE;2016;JEAN-CHRISTOPHE MEURISSE;40228
BLOOD FATHER;2016;JEAN-FRANCOIS RICHET;506044
DOFUS - LIVRE 1 : JULITH;2016;JEAN-JACQUES DENIS;203557
DEMOLITION;2016;JEAN-MARC VALLEE;241433
LES VISITEURS - LA REVOLUTION;2016;JEAN-MARIE POIRE;5272214
LE CORRESPONDANT;2016;JEAN-MICHEL BEN SOUSSAN;153545
LA FILLE INCONNUE;2016;JEAN-PIERRE DARDENNE;325908
MIDNIGHT SPECIAL;2016;JEFF NICHOLS;610053
KUNG FU PANDA 3;2016;JENNIFER YUH;5418263
GREEN ROOM;2016;JEREMY SAULNIER;120890
RATCHET ET CLANK;2016;JERICCA CLELAND;410780
MONSIEUR BOUT-DE-BOIS;2016;JEROEN JASPAERT;133994
L'ODYSSEE;2016;JEROME SALLE;1924278
L'ECONOMIE DU COUPLE;2016;JOACHIM LAFOSSE;473699
LES CHEVALIERS BLANCS;2016;JOACHIM LAFOSSE;451626
MONEY MONSTER;2016;JODIE FOSTER;2020850
CAPTAIN AMERICA : CIVIL WAR;2016;JOE RUSSO;6745108
AVE CESAR !;2016;JOEL COEN;1620722
THE DOOR;2016;JOHANNES ROBERTS;604976
BROOKLYN;2016;JOHN CROWLEY;326375
TRIPLE 9;2016;JOHN HILLCOAT;709014
LE LIVRE DE LA JUNGLE;2016;JON FAVREAU;8350286
BAD MOMS;2016;JON LUCAS;857885
INSAISISSABLES 2;2016;JON M. CHU;5034576
DESIERTO;2016;JONAS CUARON;247634
TINI - LA NOUVELLE VIE DE VIOLETTA;2016;JUAN PABLO BUSCARINI;463570
PROMENONS-NOUS AVEC LES PETITS LOUPS;2016;JULIA OCKER;90313
BRAQUEURS;2016;JULIEN LECLERCQ;1036067
BIENVENUE A MARLY-GOMONT;2016;JULIEN RAMBALDI;1400965
ROSALIE BLUM;2016;JULIEN RAPPENEAU;877094
MA MA;2016;JULIO MEDEM;55005
STAR TREK SANS LIMITES;2016;JUSTIN LIN;1624524
VICTORIA;2016;JUSTINE TRIET;1536541
MARSEILLE;2016;KAD MERAD;1630463
CHOUF;2016;KARIM DRIDI;577880
RANDONNEURS AMATEURS;2016;KEN KWAPIS;67420
RATCHET ET CLANK;2016;KEVIN MUNROE;410780
MARIAGE A LA GRECQUE 2;2016;KIRK JONES;62983
AQUARIUS;2016;KLEBER MENDONCA FILHO;318241
LA PIECE - LES DERNIERS SERONT LES PREMIERS;2016;LAMINE DIAKITE;110209
FRITZ BAUER UN HEROS ALLEMAND;2016;LARS KRAUME;189871
TORIL;2016;LAURENT TEYSSIER;32769
UN HOMME A LA HAUTEUR;2016;LAURENT TIRARD;1697042
LES OGRES;2016;LEA FEHNER;247504
LA PASSION D'AUGUSTINE;2016;LEA POOL;131117
LA SAISON DES FEMMES;2016;LEENA YADAV;393811
ROOM;2016;LENNY ABRAHAMSON;376982
ELVIS & NIXON;2016;LIZA JOHNSON;98599
LE VOYAGE DE FANNY;2016;LOLA DOILLON;247146
GRIMSBY - AGENT TROP SPECIAL;2016;LOUIS LETERRIER;220089
LA FILLE INCONNUE;2016;LUC DARDENNE;325908
A BIGGER SPLASH;2016;LUCA GUADAGNINO;70545
DIEUMERCI !;2016;LUCIEN JEAN-BAPTISTE;299249
MORGANE;2016;LUKE SCOTT;213312
LE GARCON ET LA BETE;2016;MAMORU HOSODA;404266
LES NOUVELLES AVENTURES DE PAT ET MAT;2016;MAREK BENES;91117
TONI ERDMANN;2016;MAREN ADE;843411
LE SECRET DES BANQUISES;2016;MARIE MADINIER;36794
LE CIEL ATTENDRA;2016;MARIE-CASTILLE MENTION-SCHAAR;487276
JOSEPHINE S'ARRONDIT;2016;MARILOU BERRY;2086720
ET TA SOEUR;2016;MARION VERNOUX;311448
LES ESPIEGLES;2016;MARIS BRINKMANIS;145146
PROMENONS-NOUS AVEC LES PETITS LOUPS;2016;MARTA FARINA;90313
CAPTAIN FANTASTIC;2016;MATT ROSS;561278
L'AVENIR;2016;MIA HANSEN-LOVE;693420
13 HOURS;2016;MICHAEL BAY;258720
FREE DANCE;2016;MICHAEL DAMIAN;331416
LA TORTUE ROUGE;2016;MICHAEL DUDOK DE WIT;804171
GENIUS;2016;MICHAEL GRANDAGE;207617
WHERE TO INVADE NEXT;2016;MICHAEL MOORE;74333
IQBAL, L'ENFANT QUI N'AVAIT PAS PEUR;2016;MICHEL FUZELLIER;94727
IVAN TSAREVITCH ET LA PRINCESSE CHANGEANTE;2016;MICHEL OCELOT;83969
LES TROLLS;2016;MIKE MITCHELL;2114215
L'AGE DE GLACE : LES LOIS DE L'UNIVERS;2016;MIKE THURMEIER;7831793
CE SENTIMENT DE L'ETE;2016;MIKHAEL HERS;95300
CLASH;2016;MOHAMED DIAB;49743
LA VACHE;2016;MOHAMED HAMIDI;3140759
VOIR DU PAYS;2016;MURIEL COULIN;73251
LES DELICES DE TOKYO;2016;NAOMI KAWASE;739521
CIGOGNES & COMPAGNIE;2016;NICHOLAS STOLLER;1212300
NOS PIRES VOISINS 2;2016;NICHOLAS STOLLER;1142541
THE NEON DEMON;2016;NICOLAS WINDING REFN;343442
MAL DE PIERRES;2016;NICOLE GARCIA;694110
LES TUCHE 2 - LE REVE AMERICAIN;2016;OLIVIER BAROUX;11250342
LA FILLE DU PATRON;2016;OLIVIER LOUSTAU;115164
L'AIGLE ET L'ENFANT;2016;OTMAR PENKER;362946
JE VOUS SOUHAITE D'ETRE FOLLEMENT AIMEE;2016;OUNIE LECOMTE;102970
EL CLAN;2016;PABLO TRAPERO;263091
FOLLES DE JOIE;2016;PAOLO VIRZI;320392
TOUT DE SUITE MAINTENANT;2016;PASCAL BONITZER;421053
UN PETIT BOULOT;2016;PASCAL CHAUMEIL;959380
JE COMPTE SUR VOUS;2016;PASCAL ELBE;281556
S.O.S FANTOMES;2016;PAUL FEIG;657483
JASON BOURNE;2016;PAUL GREENGRASS;3312715
ELLE;2016;PAUL VERHOEVEN;1321411
JULIETA;2016;PEDRO ALMODOVAR;1850140
DEEPWATER;2016;PETER BERG;679042
SEUL CONTRE TOUS;2016;PETER LANDESMAN;262485
FREE LOVE;2016;PETER SOLLETT;83802
DEBARQUEMENT IMMEDIAT !;2016;PHILIPPE DE CHAUVERON;944876
GUIBORD S'EN VA-T-EN GUERRE;2016;PHILIPPE FALARDEAU;91137
LE FILS DE JEAN;2016;PHILIPPE LIORET;921316
EPERDUMENT;2016;PIERRE GODEAU;460019
PROMENONS-NOUS AVEC LES PETITS LOUPS;2016;POLINA MINCHENOK;90313
PARIS-WILLOUBY;2016;QUENTIN REYNAUD;184882
LES 8 SALOPARDS;2016;QUENTIN TARANTINO;4184363
HIBOU;2016;RAMZY BEDIA;21826
AGENTS PRESQUE SECRETS;2016;RAWSON THURBER;1365172
LES HABITANTS;2016;RAYMOND DEPARDON;195845
MAGGIE A UN PLAN;2016;REBECCA MILLER;126619
TOUT EN HAUT DU MONDE;2016;REMI CHAYE;487101
ZOOTOPIE;2016;RICH MOORE;10878753
TOUT, TOUT DE SUITE;2016;RICHARD BERRY;40809
EVERYBODY WANTS SOME !!;2016;RICHARD LINKLATER;53019
FIRST DATE;2016;RICHARD TANNE;51278
THE WAVE;2016;ROAR UTHAUG;62514
CHAIR DE POULE - LE FILM;2016;ROB LETTERMAN;749479
AINSI VA LA VIE;2016;ROB REINER;52258
THE WITCH;2016;ROBERT EGGERS;314525
DIVERGENTE 3 : AU-DELA DU MUR;2016;ROBERT SCHWENTKE;5179286
LES ARDENNES;2016;ROBIN PRONT;100674
INDEPENDENCE DAY - RESURGENCE;2016;ROLAND EMMERICH;2805961
CHOCOLAT;2016;ROSCHDY ZEM;4552533
CREED L'HERITAGE DE ROCKY BALBOA;2016;RYAN COOGLER;3893163
MERCENAIRE;2016;SACHA WOLFF;74638
DANS LES FORETS DE SIBERIE;2016;SAFY NEBBOU;653012
TEMPETE;2016;SAMUEL COLLARDEY;107689
BAD MOMS;2016;SCOTT MOORE;857885
MARIE ET LES NAUFRAGES;2016;SEBASTIEN BETBEDER;48051
IRREPROCHABLE;2016;SEBASTIEN MARNIER;396397
LE PROFESSEUR DE VIOLON;2016;SERGIO MACHADO;130425
THE NICE GUYS;2016;SHANE BLACK;907393
BRIDGET JONES BABY;2016;SHARON MAGUIRE;2885527
L'EFFET AQUATIQUE;2016;SOLVEIG ANSPACH;560864
TOUT SCHUSS;2016;STEPHAN ARCHINARD;1273417
LA DANSEUSE;2016;STEPHANIE DI GIUSTO;469646
FLORENCE FOSTER JENKINS;2016;STEPHEN FREARS;330040
LA FABULEUSE GILLY HOPKINS;2016;STEPHEN HEREK;18169
LA COULEUR DE LA VICTOIRE;2016;STEPHEN HOPKINS;403351
LE BGG (LE BON GROS GEANT);2016;STEVEN SPIELBERG;1811584
UN TRAITRE IDEAL;2016;SUSANNA WHITE;249942
VENDEUR;2016;SYLVAIN DESCLOUS;133848
DEGRADE;2016;TARZAN NASSER;85686
MEDECIN DE CAMPAGNE;2016;THOMAS LILTI;3708812
SPOTLIGHT;2016;THOMAS MCCARTHY;1445507
LA DREAM TEAM;2016;THOMAS SORRIAUX;522286
LA NOUVELLE VIE DE PAUL SNEIJDER;2016;THOMAS VINCENT;331691
MISS PEREGRINE ET LES ENFANTS PARTICULIERS;2016;TIM BURTON;4084981
DEADPOOL;2016;TIM MILLER;8727409
MISE A L'EPREUVE 2;2016;TIM STORY;117606
BEN-HUR;2016;TIMUR BEKMAMBETOV;968197
A WAR;2016;TOBIAS LINDHOLM;36124
CAROL;2016;TODD HAYNES;1037565
WAR DOGS;2016;TODD PHILLIPS;1248155
LE TECKEL;2016;TODD SOLONDZ;52531
DANISH GIRL;2016;TOM HOOPER;566428
ETERNITE;2016;TRAN ANH HUNG;291871
KUBO ET L'ARMURE MAGIQUE;2016;TRAVIS KNIGHT;897435
LE COEUR REGULIER;2016;VANJA DALCANTARA;144949
AU NOM DE MA FILLE;2016;VINCENT GARENQ;838660
ROBINSON CRUSOE;2016;VINCENT KESTELOOT;891236
ALVIN ET LES CHIPMUNKS - A FOND LA CAISSE;2016;WALT BECKER;3877132
LES TROLLS;2016;WALT DOHRN;2114215
LOVE & FRIENDSHIP;2016;WHIT STILLMAN;370211
THE BOY;2016;WILLIAM BRENT BELL;1014871
CAFE SOCIETY;2016;WOODY ALLEN;2387816
LES PEPITES;2016;XAVIER DE LAUZANNE;255198
JUSTE LA FIN DU MONDE;2016;XAVIER DOLAN;2353753
LE FANTOME DE CANTERVILLE;2016;YANN SAMUELL;828967
COMME DES BETES;2016;YARROW CHENEY;8222557
DERNIER TRAIN POUR BUSAN;2016;YEON SANG-HO;693409
ILS SONT PARTOUT;2016;YVAN ATTAL;429810
BATMAN V. SUPERMAN : L'AUBE DE LA JUSTICE;2016;ZACK SNYDER;5580276
